area_code,area_name,pref_code,pref_name,bed_function,plan_2025_r6,actual_2025_r7,actual_2024_r6,actual_2024_r7,need_2025
0101,南渡島,01,北海道,合計,5216,4995,5243,4995,4857
0101,南渡島,01,北海道,高度急性期,956,661,940,661,585
0101,南渡島,01,北海道,急性期,2322,2471,2363,2471,1759
0101,南渡島,01,北海道,回復期,778,801,785,801,1618
0101,南渡島,01,北海道,慢性期,1160,1062,1155,1062,895
0102,南檜山,01,北海道,合計,309,333,333,333,245
0102,南檜山,01,北海道,高度急性期,0,0,0,0,0
0102,南檜山,01,北海道,急性期,168,168,168,168,56
0102,南檜山,01,北海道,回復期,0,0,0,0,119
0102,南檜山,01,北海道,慢性期,141,165,165,165,70
0103,北渡島檜山,01,北海道,合計,680,650,713,650,545
0103,北渡島檜山,01,北海道,高度急性期,0,0,0,0,18
0103,北渡島檜山,01,北海道,急性期,91,91,124,91,103
0103,北渡島檜山,01,北海道,回復期,375,345,375,345,196
0103,北渡島檜山,01,北海道,慢性期,214,214,214,214,228
0104,札幌,01,北海道,合計,32941,33106,33110,33106,35786
0104,札幌,01,北海道,高度急性期,2887,2584,2694,2584,3913
0104,札幌,01,北海道,急性期,15258,15180,15561,15180,10951
0104,札幌,01,北海道,回復期,3427,3755,3455,3755,8923
0104,札幌,01,北海道,慢性期,11369,11587,11400,11587,11999
0105,後志,01,北海道,合計,2608,2458,2690,2458,2922
0105,後志,01,北海道,高度急性期,102,102,102,102,164
0105,後志,01,北海道,急性期,1036,1040,1064,1040,638
0105,後志,01,北海道,回復期,596,384,558,384,856
0105,後志,01,北海道,慢性期,874,932,966,932,1264
0106,南空知,01,北海道,合計,1742,1738,1941,1738,1925
0106,南空知,01,北海道,高度急性期,0,0,0,0,98
0106,南空知,01,北海道,急性期,1055,1050,1114,1050,474
0106,南空知,01,北海道,回復期,177,158,177,158,708
0106,南空知,01,北海道,慢性期,510,530,650,530,645
0107,中空知,01,北海道,合計,1754,1622,1730,1622,1609
0107,中空知,01,北海道,高度急性期,34,34,34,34,124
0107,中空知,01,北海道,急性期,744,630,684,630,424
0107,中空知,01,北海道,回復期,124,124,168,124,435
0107,中空知,01,北海道,慢性期,852,834,844,834,626
0108,北空知,01,北海道,合計,526,526,543,526,522
0108,北空知,01,北海道,高度急性期,0,0,0,0,17
0108,北空知,01,北海道,急性期,149,149,149,149,100
0108,北空知,01,北海道,回復期,42,42,42,42,153
0108,北空知,01,北海道,慢性期,335,335,352,335,252
0109,西胆振,01,北海道,合計,2786,3004,2839,3004,2826
0109,西胆振,01,北海道,高度急性期,42,24,42,24,279
0109,西胆振,01,北海道,急性期,1189,1176,1208,1176,800
0109,西胆振,01,北海道,回復期,305,630,339,630,620
0109,西胆振,01,北海道,慢性期,1250,1174,1250,1174,1127
0110,東胆振,01,北海道,合計,1962,1969,1931,1969,2462
0110,東胆振,01,北海道,高度急性期,31,33,33,33,233
0110,東胆振,01,北海道,急性期,1244,1270,1224,1270,752
0110,東胆振,01,北海道,回復期,325,273,281,273,800
0110,東胆振,01,北海道,慢性期,362,393,393,393,677
0111,日高,01,北海道,合計,534,534,534,534,637
0111,日高,01,北海道,高度急性期,0,0,0,0,20
0111,日高,01,北海道,急性期,280,280,280,280,103
0111,日高,01,北海道,回復期,0,43,0,43,259
0111,日高,01,北海道,慢性期,254,211,254,211,255
0112,上川中部,01,北海道,合計,5755,5777,5706,5777,5625
0112,上川中部,01,北海道,高度急性期,1376,1240,1314,1240,689
0112,上川中部,01,北海道,急性期,1734,1946,1763,1946,1795
0112,上川中部,01,北海道,回復期,1055,1044,898,1044,1613
0112,上川中部,01,北海道,慢性期,1590,1547,1731,1547,1528
0113,上川北部,01,北海道,合計,797,752,797,752,792
0113,上川北部,01,北海道,高度急性期,11,11,11,11,63
0113,上川北部,01,北海道,急性期,237,256,237,256,229
0113,上川北部,01,北海道,回復期,205,209,205,209,251
0113,上川北部,01,北海道,慢性期,344,276,344,276,249
0114,富良野,01,北海道,合計,221,343,290,343,487
0114,富良野,01,北海道,高度急性期,0,0,0,0,25
0114,富良野,01,北海道,急性期,95,119,195,119,120
0114,富良野,01,北海道,回復期,70,138,39,138,177
0114,富良野,01,北海道,慢性期,56,86,56,86,165
0115,留萌,01,北海道,合計,559,524,582,524,563
0115,留萌,01,北海道,高度急性期,0,0,0,0,35
0115,留萌,01,北海道,急性期,281,223,281,223,142
0115,留萌,01,北海道,回復期,142,48,48,48,191
0115,留萌,01,北海道,慢性期,136,253,253,253,195
0116,宗谷,01,北海道,合計,593,537,623,537,582
0116,宗谷,01,北海道,高度急性期,0,0,0,0,28
0116,宗谷,01,北海道,急性期,311,319,382,319,127
0116,宗谷,01,北海道,回復期,177,139,158,139,271
0116,宗谷,01,北海道,慢性期,105,79,83,79,156
0117,北網,01,北海道,合計,2420,2451,2467,2451,2450
0117,北網,01,北海道,高度急性期,404,404,408,404,275
0117,北網,01,北海道,急性期,1045,1040,907,1040,790
0117,北網,01,北海道,回復期,299,336,432,336,744
0117,北網,01,北海道,慢性期,672,671,720,671,641
0118,遠紋,01,北海道,合計,596,596,596,596,778
0118,遠紋,01,北海道,高度急性期,0,0,0,0,46
0118,遠紋,01,北海道,急性期,379,379,379,379,186
0118,遠紋,01,北海道,回復期,109,109,109,109,285
0118,遠紋,01,北海道,慢性期,108,108,108,108,261
0119,十勝,01,北海道,合計,4143,4025,4272,4025,4067
0119,十勝,01,北海道,高度急性期,268,264,268,264,363
0119,十勝,01,北海道,急性期,1507,1392,1684,1392,1141
0119,十勝,01,北海道,回復期,1172,1231,1006,1231,1207
0119,十勝,01,北海道,慢性期,1196,1138,1314,1138,1356
0120,釧路,01,北海道,合計,3284,3201,3245,3201,3013
0120,釧路,01,北海道,高度急性期,368,374,370,374,355
0120,釧路,01,北海道,急性期,1328,1337,1408,1337,1139
0120,釧路,01,北海道,回復期,624,603,534,603,769
0120,釧路,01,北海道,慢性期,964,887,933,887,750
0121,根室,01,北海道,合計,497,444,497,444,497
0121,根室,01,北海道,高度急性期,0,0,0,0,20
0121,根室,01,北海道,急性期,387,334,387,334,97
0121,根室,01,北海道,回復期,0,0,0,0,236
0121,根室,01,北海道,慢性期,110,110,110,110,144
0201,津軽地域,02,青森県,合計,3514,3426,3468,3426,3139
0201,津軽地域,02,青森県,高度急性期,445,445,446,445,318
0201,津軽地域,02,青森県,急性期,1750,1715,1857,1715,1110
0201,津軽地域,02,青森県,回復期,521,546,481,546,1244
0201,津軽地域,02,青森県,慢性期,798,720,684,720,467
0202,八戸地域,02,青森県,合計,3015,2972,2990,2972,3231
0202,八戸地域,02,青森県,高度急性期,110,110,116,110,323
0202,八戸地域,02,青森県,急性期,1608,1569,1576,1569,1122
0202,八戸地域,02,青森県,回復期,681,662,662,662,1082
0202,八戸地域,02,青森県,慢性期,616,631,636,631,704
0203,青森地域,02,青森県,合計,3161,3061,3261,3061,3024
0203,青森地域,02,青森県,高度急性期,545,538,595,538,338
0203,青森地域,02,青森県,急性期,1153,1096,1196,1096,900
0203,青森地域,02,青森県,回復期,829,789,753,789,1127
0203,青森地域,02,青森県,慢性期,634,638,717,638,659
0204,西北五地域,02,青森県,合計,689,657,705,657,804
0204,西北五地域,02,青森県,高度急性期,16,0,0,0,43
0204,西北五地域,02,青森県,急性期,392,405,392,405,270
0204,西北五地域,02,青森県,回復期,125,106,125,106,246
0204,西北五地域,02,青森県,慢性期,156,146,188,146,245
0205,上十三地域,02,青森県,合計,1082,1034,1106,1034,1176
0205,上十三地域,02,青森県,高度急性期,87,87,87,87,96
0205,上十三地域,02,青森県,急性期,678,656,753,656,506
0205,上十三地域,02,青森県,回復期,143,98,92,98,371
0205,上十三地域,02,青森県,慢性期,174,193,174,193,203
0206,下北地域,02,青森県,合計,523,523,523,523,453
0206,下北地域,02,青森県,高度急性期,6,6,6,6,39
0206,下北地域,02,青森県,急性期,359,359,359,359,162
0206,下北地域,02,青森県,回復期,78,78,78,78,168
0206,下北地域,02,青森県,慢性期,80,80,80,80,84
0301,盛岡,03,岩手県,合計,5514,5306,5611,5306,5185
0301,盛岡,03,岩手県,高度急性期,1292,1265,1292,1265,547
0301,盛岡,03,岩手県,急性期,1747,1654,1755,1654,1553
0301,盛岡,03,岩手県,回復期,1154,1158,1165,1158,1861
0301,盛岡,03,岩手県,慢性期,1321,1229,1399,1229,1224
0302,岩手中部,03,岩手県,合計,1541,1543,1551,1543,1376
0302,岩手中部,03,岩手県,高度急性期,50,50,50,50,135
0302,岩手中部,03,岩手県,急性期,771,792,800,792,438
0302,岩手中部,03,岩手県,回復期,536,536,536,536,555
0302,岩手中部,03,岩手県,慢性期,184,165,165,165,248
0303,胆江,03,岩手県,合計,1211,1179,1211,1179,1198
0303,胆江,03,岩手県,高度急性期,0,0,0,0,84
0303,胆江,03,岩手県,急性期,393,393,393,393,357
0303,胆江,03,岩手県,回復期,454,442,454,442,312
0303,胆江,03,岩手県,慢性期,364,344,364,344,445
0304,両磐,03,岩手県,合計,674,979,674,979,881
0304,両磐,03,岩手県,高度急性期,0,0,0,0,76
0304,両磐,03,岩手県,急性期,284,589,284,589,278
0304,両磐,03,岩手県,回復期,190,190,190,190,290
0304,両磐,03,岩手県,慢性期,200,200,200,200,237
0305,気仙,03,岩手県,合計,408,408,482,408,370
0305,気仙,03,岩手県,高度急性期,20,20,20,20,44
0305,気仙,03,岩手県,急性期,230,230,244,230,164
0305,気仙,03,岩手県,回復期,60,60,120,60,93
0305,気仙,03,岩手県,慢性期,98,98,98,98,69
0306,釜石,03,岩手県,合計,672,684,699,684,549
0306,釜石,03,岩手県,高度急性期,0,0,0,0,31
0306,釜石,03,岩手県,急性期,196,196,196,196,130
0306,釜石,03,岩手県,回復期,110,154,110,154,165
0306,釜石,03,岩手県,慢性期,366,334,393,334,223
0307,宮古,03,岩手県,合計,552,518,570,518,472
0307,宮古,03,岩手県,高度急性期,0,0,0,0,39
0307,宮古,03,岩手県,急性期,262,260,280,260,143
0307,宮古,03,岩手県,回復期,220,188,220,188,196
0307,宮古,03,岩手県,慢性期,70,70,70,70,94
0308,久慈,03,岩手県,合計,345,345,365,345,354
0308,久慈,03,岩手県,高度急性期,20,20,20,20,43
0308,久慈,03,岩手県,急性期,163,163,166,163,136
0308,久慈,03,岩手県,回復期,100,139,117,139,133
0308,久慈,03,岩手県,慢性期,62,23,62,23,42
0309,二戸,03,岩手県,合計,390,378,390,378,291
0309,二戸,03,岩手県,高度急性期,0,0,0,0,31
0309,二戸,03,岩手県,急性期,283,283,283,283,134
0309,二戸,03,岩手県,回復期,62,50,62,50,91
0309,二戸,03,岩手県,慢性期,45,45,45,45,35
0401,仙南,04,宮城県,合計,1200,1209,1163,1209,1240
0401,仙南,04,宮城県,高度急性期,26,26,26,26,93
0401,仙南,04,宮城県,急性期,438,465,418,465,357
0401,仙南,04,宮城県,回復期,417,395,400,395,456
0401,仙南,04,宮城県,慢性期,319,323,319,323,334
0403,仙台,04,宮城県,合計,12677,12694,12622,12694,13201
0403,仙台,04,宮城県,高度急性期,1920,1963,1912,1963,1798
0403,仙台,04,宮城県,急性期,7110,6844,7027,6844,4999
0403,仙台,04,宮城県,回復期,1580,1718,1627,1718,3899
0403,仙台,04,宮城県,慢性期,2067,2169,2056,2169,2505
0406,大崎・栗原,04,宮城県,合計,2287,2332,2291,2332,1902
0406,大崎・栗原,04,宮城県,高度急性期,44,63,44,63,182
0406,大崎・栗原,04,宮城県,急性期,962,921,966,921,567
0406,大崎・栗原,04,宮城県,回復期,435,473,435,473,669
0406,大崎・栗原,04,宮城県,慢性期,846,875,846,875,484
0409,石巻・登米・気仙沼,04,宮城県,合計,2555,2511,2560,2511,2438
0409,石巻・登米・気仙沼,04,宮城県,高度急性期,46,40,46,40,192
0409,石巻・登米・気仙沼,04,宮城県,急性期,1280,1280,1283,1280,681
0409,石巻・登米・気仙沼,04,宮城県,回復期,504,545,504,545,981
0409,石巻・登米・気仙沼,04,宮城県,慢性期,725,646,727,646,584
0501,大館・鹿角,05,秋田県,合計,1037,993,1098,993,942
0501,大館・鹿角,05,秋田県,高度急性期,0,0,0,0,67
0501,大館・鹿角,05,秋田県,急性期,601,557,595,557,300
0501,大館・鹿角,05,秋田県,回復期,250,250,272,250,296
0501,大館・鹿角,05,秋田県,慢性期,186,186,231,186,279
0502,北秋田,05,秋田県,合計,173,173,228,173,135
0502,北秋田,05,秋田県,高度急性期,0,0,0,0,13
0502,北秋田,05,秋田県,急性期,113,113,170,113,50
0502,北秋田,05,秋田県,回復期,60,60,58,60,57
0502,北秋田,05,秋田県,慢性期,0,0,0,0,15
0503,能代・山本,05,秋田県,合計,935,972,930,972,773
0503,能代・山本,05,秋田県,高度急性期,0,0,0,0,72
0503,能代・山本,05,秋田県,急性期,556,556,611,556,300
0503,能代・山本,05,秋田県,回復期,173,163,127,163,246
0503,能代・山本,05,秋田県,慢性期,206,253,192,253,155
0504,秋田周辺,05,秋田県,合計,4105,4089,4177,4089,4021
0504,秋田周辺,05,秋田県,高度急性期,581,597,609,597,480
0504,秋田周辺,05,秋田県,急性期,2074,2084,2112,2084,1408
0504,秋田周辺,05,秋田県,回復期,473,378,426,378,1120
0504,秋田周辺,05,秋田県,慢性期,977,1030,1030,1030,1013
0505,由利本荘・にかほ,05,秋田県,合計,1081,1056,1143,1056,1149
0505,由利本荘・にかほ,05,秋田県,高度急性期,0,0,0,0,77
0505,由利本荘・にかほ,05,秋田県,急性期,514,508,527,508,374
0505,由利本荘・にかほ,05,秋田県,回復期,119,150,168,150,246
0505,由利本荘・にかほ,05,秋田県,慢性期,448,398,448,398,452
0506,大仙・仙北,05,秋田県,合計,986,1014,1032,1014,847
0506,大仙・仙北,05,秋田県,高度急性期,0,0,0,0,65
0506,大仙・仙北,05,秋田県,急性期,501,501,501,501,308
0506,大仙・仙北,05,秋田県,回復期,222,204,222,204,250
0506,大仙・仙北,05,秋田県,慢性期,263,309,309,309,224
0507,横手,05,秋田県,合計,738,704,805,704,865
0507,横手,05,秋田県,高度急性期,0,0,10,0,97
0507,横手,05,秋田県,急性期,535,501,535,501,360
0507,横手,05,秋田県,回復期,153,153,210,153,192
0507,横手,05,秋田県,慢性期,50,50,50,50,216
0508,湯沢・雄勝,05,秋田県,合計,312,316,339,316,411
0508,湯沢・雄勝,05,秋田県,高度急性期,0,0,0,0,31
0508,湯沢・雄勝,05,秋田県,急性期,180,184,207,184,155
0508,湯沢・雄勝,05,秋田県,回復期,113,108,113,108,137
0508,湯沢・雄勝,05,秋田県,慢性期,19,24,19,24,88
0601,村山,06,山形県,合計,5270,5065,5265,5065,4873
0601,村山,06,山形県,高度急性期,662,612,612,612,523
0601,村山,06,山形県,急性期,2449,2290,2462,2290,1687
0601,村山,06,山形県,回復期,909,893,889,893,1431
0601,村山,06,山形県,慢性期,1250,1270,1302,1270,1232
0602,最上,06,山形県,合計,667,667,667,667,574
0602,最上,06,山形県,高度急性期,10,10,10,10,43
0602,最上,06,山形県,急性期,371,321,371,321,210
0602,最上,06,山形県,回復期,178,228,178,228,236
0602,最上,06,山形県,慢性期,108,108,108,108,85
0603,置賜,06,山形県,合計,1787,1820,1779,1820,1749
0603,置賜,06,山形県,高度急性期,38,38,38,38,159
0603,置賜,06,山形県,急性期,684,687,687,687,610
0603,置賜,06,山形県,回復期,572,572,572,572,573
0603,置賜,06,山形県,慢性期,493,523,482,523,407
0604,庄内,06,山形県,合計,2378,2282,2347,2282,2071
0604,庄内,06,山形県,高度急性期,323,279,279,279,208
0604,庄内,06,山形県,急性期,1063,1080,1188,1080,614
0604,庄内,06,山形県,回復期,626,567,514,567,698
0604,庄内,06,山形県,慢性期,366,356,366,356,551
0701,県北,07,福島県,合計,4389,4243,4367,4243,3985
0701,県北,07,福島県,高度急性期,476,434,440,434,404
0701,県北,07,福島県,急性期,2764,2528,2765,2528,1462
0701,県北,07,福島県,回復期,756,782,729,782,1667
0701,県北,07,福島県,慢性期,393,499,433,499,452
0702,県中,07,福島県,合計,4846,4610,4841,4610,4643
0702,県中,07,福島県,高度急性期,118,109,85,109,469
0702,県中,07,福島県,急性期,3102,2912,3242,2912,1640
0702,県中,07,福島県,回復期,665,602,580,602,1404
0702,県中,07,福島県,慢性期,961,987,934,987,1130
0703,県南,07,福島県,合計,1038,1024,1103,1024,889
0703,県南,07,福島県,高度急性期,0,0,120,0,100
0703,県南,07,福島県,急性期,793,719,739,719,387
0703,県南,07,福島県,回復期,52,52,111,52,247
0703,県南,07,福島県,慢性期,193,253,133,253,155
0706,相双,07,福島県,合計,1030,1002,1030,1002,725
0706,相双,07,福島県,高度急性期,0,0,0,0,45
0706,相双,07,福島県,急性期,728,750,728,750,233
0706,相双,07,福島県,回復期,134,84,134,84,243
0706,相双,07,福島県,慢性期,168,168,168,168,204
0707,いわき,07,福島県,合計,3257,3403,3432,3403,2696
0707,いわき,07,福島県,高度急性期,282,244,244,244,264
0707,いわき,07,福島県,急性期,1284,1262,1285,1262,809
0707,いわき,07,福島県,回復期,615,616,663,616,750
0707,いわき,07,福島県,慢性期,1076,1281,1240,1281,873
0708,会津・南会津,07,福島県,合計,2607,2399,2615,2399,2459
0708,会津・南会津,07,福島県,高度急性期,104,104,104,104,256
0708,会津・南会津,07,福島県,急性期,1718,1622,1725,1622,849
0708,会津・南会津,07,福島県,回復期,286,226,286,226,846
0708,会津・南会津,07,福島県,慢性期,499,447,500,447,508
0801,水戸,08,茨城県,合計,4824,4553,4604,4553,4478
0801,水戸,08,茨城県,高度急性期,333,300,290,300,621
0801,水戸,08,茨城県,急性期,2618,2484,2623,2484,1626
0801,水戸,08,茨城県,回復期,790,902,774,902,1510
0801,水戸,08,茨城県,慢性期,1083,867,917,867,721
0802,日立,08,茨城県,合計,2099,2069,2068,2069,1850
0802,日立,08,茨城県,高度急性期,35,47,35,47,172
0802,日立,08,茨城県,急性期,1081,996,998,996,619
0802,日立,08,茨城県,回復期,342,366,442,366,713
0802,日立,08,茨城県,慢性期,641,660,593,660,346
0803,常陸太田・ひたちなか,08,茨城県,合計,2139,2035,2044,2035,2112
0803,常陸太田・ひたちなか,08,茨城県,高度急性期,20,20,20,20,150
0803,常陸太田・ひたちなか,08,茨城県,急性期,1237,1193,1217,1193,673
0803,常陸太田・ひたちなか,08,茨城県,回復期,260,260,192,260,738
0803,常陸太田・ひたちなか,08,茨城県,慢性期,622,562,615,562,551
0804,鹿行,08,茨城県,合計,1411,1453,1379,1453,1265
0804,鹿行,08,茨城県,高度急性期,60,60,56,60,70
0804,鹿行,08,茨城県,急性期,724,692,666,692,373
0804,鹿行,08,茨城県,回復期,78,108,108,108,443
0804,鹿行,08,茨城県,慢性期,549,593,549,593,379
0805,土浦,08,茨城県,合計,1918,1898,1810,1898,1930
0805,土浦,08,茨城県,高度急性期,204,204,204,204,236
0805,土浦,08,茨城県,急性期,1029,1004,999,1004,687
0805,土浦,08,茨城県,回復期,279,298,298,298,642
0805,土浦,08,茨城県,慢性期,406,392,309,392,365
0806,つくば,08,茨城県,合計,3372,3484,3272,3484,3489
0806,つくば,08,茨城県,高度急性期,800,800,776,800,436
0806,つくば,08,茨城県,急性期,1436,1439,1450,1439,1209
0806,つくば,08,茨城県,回復期,358,358,307,358,895
0806,つくば,08,茨城県,慢性期,778,887,739,887,949
0807,取手・竜ヶ崎,08,茨城県,合計,3565,3422,3493,3422,3704
0807,取手・竜ヶ崎,08,茨城県,高度急性期,44,44,44,44,307
0807,取手・竜ヶ崎,08,茨城県,急性期,2013,1950,1942,1950,1278
0807,取手・竜ヶ崎,08,茨城県,回復期,710,725,710,725,1242
0807,取手・竜ヶ崎,08,茨城県,慢性期,798,703,797,703,877
0808,筑西・下妻,08,茨城県,合計,1915,1873,1915,1873,1458
0808,筑西・下妻,08,茨城県,高度急性期,15,15,15,15,54
0808,筑西・下妻,08,茨城県,急性期,685,700,685,700,337
0808,筑西・下妻,08,茨城県,回復期,343,345,343,345,515
0808,筑西・下妻,08,茨城県,慢性期,872,813,872,813,552
0809,古河・坂東,08,茨城県,合計,1552,1410,1571,1410,1469
0809,古河・坂東,08,茨城県,高度急性期,43,115,43,115,133
0809,古河・坂東,08,茨城県,急性期,964,787,1038,787,643
0809,古河・坂東,08,茨城県,回復期,271,284,216,284,419
0809,古河・坂東,08,茨城県,慢性期,274,224,274,224,274
0901,県北,09,栃木県,合計,2739,2796,2739,2796,2485
0901,県北,09,栃木県,高度急性期,435,428,395,428,232
0901,県北,09,栃木県,急性期,1310,1374,1406,1374,830
0901,県北,09,栃木県,回復期,320,320,264,320,922
0901,県北,09,栃木県,慢性期,674,674,674,674,501
0902,県西,09,栃木県,合計,1215,1175,1239,1175,1194
0902,県西,09,栃木県,高度急性期,51,4,51,4,105
0902,県西,09,栃木県,急性期,817,864,841,864,459
0902,県西,09,栃木県,回復期,28,28,28,28,358
0902,県西,09,栃木県,慢性期,319,279,319,279,272
0903,宇都宮,09,栃木県,合計,4559,4334,4512,4334,4424
0903,宇都宮,09,栃木県,高度急性期,519,515,502,515,437
0903,宇都宮,09,栃木県,急性期,2174,2025,2144,2025,1457
0903,宇都宮,09,栃木県,回復期,688,776,688,776,1363
0903,宇都宮,09,栃木県,慢性期,1178,1018,1178,1018,1167
0904,県東,09,栃木県,合計,777,730,763,730,686
0904,県東,09,栃木県,高度急性期,47,47,47,47,61
0904,県東,09,栃木県,急性期,532,495,522,495,271
0904,県東,09,栃木県,回復期,40,40,40,40,200
0904,県東,09,栃木県,慢性期,158,148,154,148,154
0905,県南,09,栃木県,合計,4723,4858,4723,4858,4757
0905,県南,09,栃木県,高度急性期,1960,2211,1960,2211,687
0905,県南,09,栃木県,急性期,1544,1521,1544,1521,1735
0905,県南,09,栃木県,回復期,594,501,594,501,1762
0905,県南,09,栃木県,慢性期,625,625,625,625,573
0906,両毛,09,栃木県,合計,2220,2238,2183,2238,1912
0906,両毛,09,栃木県,高度急性期,41,41,41,41,206
0906,両毛,09,栃木県,急性期,1364,1382,1373,1382,633
0906,両毛,09,栃木県,回復期,236,198,236,198,574
0906,両毛,09,栃木県,慢性期,579,617,533,617,499
1001,前橋,10,群馬県,合計,3573,3579,3579,3579,3566
1001,前橋,10,群馬県,高度急性期,1254,1254,1254,1254,529
1001,前橋,10,群馬県,急性期,1504,1510,1510,1510,1429
1001,前橋,10,群馬県,回復期,502,502,502,502,1149
1001,前橋,10,群馬県,慢性期,313,313,313,313,459
1002,渋川,10,群馬県,合計,1182,1169,1183,1169,927
1002,渋川,10,群馬県,高度急性期,41,45,41,45,128
1002,渋川,10,群馬県,急性期,675,658,676,658,256
1002,渋川,10,群馬県,回復期,161,161,161,161,287
1002,渋川,10,群馬県,慢性期,305,305,305,305,256
1003,伊勢崎,10,群馬県,合計,2015,2014,2022,2014,2162
1003,伊勢崎,10,群馬県,高度急性期,165,165,165,165,186
1003,伊勢崎,10,群馬県,急性期,979,978,986,978,627
1003,伊勢崎,10,群馬県,回復期,456,456,456,456,805
1003,伊勢崎,10,群馬県,慢性期,415,415,415,415,544
1004,高崎・安中,10,群馬県,合計,3700,3684,3706,3684,3699
1004,高崎・安中,10,群馬県,高度急性期,502,502,502,502,283
1004,高崎・安中,10,群馬県,急性期,1282,1189,1231,1189,975
1004,高崎・安中,10,群馬県,回復期,710,772,721,772,1314
1004,高崎・安中,10,群馬県,慢性期,1206,1221,1252,1221,1127
1005,藤岡,10,群馬県,合計,857,810,857,810,866
1005,藤岡,10,群馬県,高度急性期,0,24,0,24,95
1005,藤岡,10,群馬県,急性期,475,451,475,451,314
1005,藤岡,10,群馬県,回復期,242,195,242,195,331
1005,藤岡,10,群馬県,慢性期,140,140,140,140,126
1006,富岡,10,群馬県,合計,569,569,591,569,725
1006,富岡,10,群馬県,高度急性期,32,32,32,32,59
1006,富岡,10,群馬県,急性期,217,217,200,217,185
1006,富岡,10,群馬県,回復期,197,197,236,197,179
1006,富岡,10,群馬県,慢性期,123,123,123,123,302
1007,吾妻,10,群馬県,合計,1136,1023,1083,1023,572
1007,吾妻,10,群馬県,高度急性期,0,0,0,0,18
1007,吾妻,10,群馬県,急性期,191,146,146,146,103
1007,吾妻,10,群馬県,回復期,269,262,262,262,284
1007,吾妻,10,群馬県,慢性期,676,615,675,615,167
1008,沼田,10,群馬県,合計,908,908,912,908,861
1008,沼田,10,群馬県,高度急性期,38,38,38,38,69
1008,沼田,10,群馬県,急性期,455,402,455,402,313
1008,沼田,10,群馬県,回復期,256,220,256,220,251
1008,沼田,10,群馬県,慢性期,159,248,163,248,228
1009,桐生,10,群馬県,合計,1768,1718,1718,1718,1506
1009,桐生,10,群馬県,高度急性期,18,18,18,18,102
1009,桐生,10,群馬県,急性期,750,750,750,750,413
1009,桐生,10,群馬県,回復期,324,324,324,324,528
1009,桐生,10,群馬県,慢性期,676,626,626,626,463
1010,太田・館林,10,群馬県,合計,2712,2583,2646,2583,2694
1010,太田・館林,10,群馬県,高度急性期,34,34,34,34,231
1010,太田・館林,10,群馬県,急性期,1917,1781,1863,1781,857
1010,太田・館林,10,群馬県,回復期,309,339,345,339,939
1010,太田・館林,10,群馬県,慢性期,452,429,404,429,667
1101,南部,11,埼玉県,合計,4505,4665,4529,4665,5025
1101,南部,11,埼玉県,高度急性期,206,302,205,302,609
1101,南部,11,埼玉県,急性期,2821,2795,2813,2795,1922
1101,南部,11,埼玉県,回復期,690,890,602,890,1623
1101,南部,11,埼玉県,慢性期,788,678,909,678,871
1102,南西部,11,埼玉県,合計,5160,4792,4700,4792,4777
1102,南西部,11,埼玉県,高度急性期,271,211,211,211,425
1102,南西部,11,埼玉県,急性期,3082,2674,2769,2674,1685
1102,南西部,11,埼玉県,回復期,529,725,518,725,1356
1102,南西部,11,埼玉県,慢性期,1278,1182,1202,1182,1311
1103,東部,11,埼玉県,合計,7627,7775,7525,7775,8935
1103,東部,11,埼玉県,高度急性期,327,236,275,236,831
1103,東部,11,埼玉県,急性期,4562,4490,4508,4490,2783
1103,東部,11,埼玉県,回復期,1055,1256,1015,1256,2734
1103,東部,11,埼玉県,慢性期,1683,1793,1727,1793,2587
1104,さいたま,11,埼玉県,合計,6917,6961,6759,6961,7664
1104,さいたま,11,埼玉県,高度急性期,1612,1608,1616,1608,1039
1104,さいたま,11,埼玉県,急性期,3245,3170,3039,3170,2770
1104,さいたま,11,埼玉県,回復期,642,733,736,733,2301
1104,さいたま,11,埼玉県,慢性期,1418,1450,1368,1450,1554
1105,県央,11,埼玉県,合計,3228,3335,3198,3335,3534
1105,県央,11,埼玉県,高度急性期,152,221,183,221,344
1105,県央,11,埼玉県,急性期,1886,2109,1878,2109,1273
1105,県央,11,埼玉県,回復期,326,231,284,231,1120
1105,県央,11,埼玉県,慢性期,864,774,853,774,797
1106,川越比企,11,埼玉県,合計,6894,6879,6844,6879,7652
1106,川越比企,11,埼玉県,高度急性期,1887,1774,1774,1774,802
1106,川越比企,11,埼玉県,急性期,1977,1992,2028,1992,2260
1106,川越比企,11,埼玉県,回復期,1171,1063,1124,1063,2518
1106,川越比企,11,埼玉県,慢性期,1859,2050,1918,2050,2072
1107,西部,11,埼玉県,合計,6837,7241,6885,7241,7951
1107,西部,11,埼玉県,高度急性期,891,870,874,870,694
1107,西部,11,埼玉県,急性期,2957,3367,3127,3367,2249
1107,西部,11,埼玉県,回復期,943,1019,931,1019,2370
1107,西部,11,埼玉県,慢性期,2046,1985,1953,1985,2638
1108,利根,11,埼玉県,合計,4393,4447,4451,4447,4630
1108,利根,11,埼玉県,高度急性期,384,390,384,390,426
1108,利根,11,埼玉県,急性期,2260,2196,2272,2196,1580
1108,利根,11,埼玉県,回復期,704,737,704,737,1448
1108,利根,11,埼玉県,慢性期,1045,1124,1091,1124,1176
1109,北部,11,埼玉県,合計,3804,3943,3912,3943,3442
1109,北部,11,埼玉県,高度急性期,381,409,420,409,327
1109,北部,11,埼玉県,急性期,1949,1828,1898,1828,1258
1109,北部,11,埼玉県,回復期,495,411,444,411,1066
1109,北部,11,埼玉県,慢性期,979,1295,1150,1295,791
1110,秩父,11,埼玉県,合計,664,714,699,714,600
1110,秩父,11,埼玉県,高度急性期,0,0,0,0,31
1110,秩父,11,埼玉県,急性期,283,298,283,298,174
1110,秩父,11,埼玉県,回復期,126,126,126,126,181
1110,秩父,11,埼玉県,慢性期,255,290,290,290,214
1201,千葉,12,千葉県,合計,8251,8124,8192,8124,8484
1201,千葉,12,千葉県,高度急性期,1021,984,1018,984,1077
1201,千葉,12,千葉県,急性期,4018,4030,4023,4030,3028
1201,千葉,12,千葉県,回復期,1236,1262,1218,1262,2520
1201,千葉,12,千葉県,慢性期,1976,1848,1933,1848,1859
1202,東葛南部,12,千葉県,合計,11053,10874,10956,10874,13010
1202,東葛南部,12,千葉県,高度急性期,1321,1458,1379,1458,1376
1202,東葛南部,12,千葉県,急性期,5760,5547,5732,5547,4783
1202,東葛南部,12,千葉県,回復期,2166,2220,2146,2220,4072
1202,東葛南部,12,千葉県,慢性期,1806,1649,1699,1649,2779
1203,東葛北部,12,千葉県,合計,10111,10145,10122,10145,11699
1203,東葛北部,12,千葉県,高度急性期,2191,2257,2200,2257,1386
1203,東葛北部,12,千葉県,急性期,4431,4274,4404,4274,4227
1203,東葛北部,12,千葉県,回復期,1241,1399,1227,1399,3647
1203,東葛北部,12,千葉県,慢性期,2248,2215,2291,2215,2439
1204,印旛,12,千葉県,合計,6374,6151,6150,6151,5548
1204,印旛,12,千葉県,高度急性期,1704,1601,1605,1601,594
1204,印旛,12,千葉県,急性期,2338,2249,2248,2249,1947
1204,印旛,12,千葉県,回復期,710,710,706,710,1625
1204,印旛,12,千葉県,慢性期,1622,1591,1591,1591,1382
1205,香取海匝,12,千葉県,合計,2572,2523,2571,2523,2181
1205,香取海匝,12,千葉県,高度急性期,75,75,75,75,289
1205,香取海匝,12,千葉県,急性期,1508,1459,1501,1459,745
1205,香取海匝,12,千葉県,回復期,308,301,306,301,587
1205,香取海匝,12,千葉県,慢性期,681,688,689,688,560
1206,山武長生夷隅,12,千葉県,合計,3076,3060,3029,3060,2931
1206,山武長生夷隅,12,千葉県,高度急性期,32,32,32,32,104
1206,山武長生夷隅,12,千葉県,急性期,1456,1445,1422,1445,887
1206,山武長生夷隅,12,千葉県,回復期,410,450,402,450,946
1206,山武長生夷隅,12,千葉県,慢性期,1178,1133,1173,1133,994
1207,安房,12,千葉県,合計,1902,1881,1892,1881,1641
1207,安房,12,千葉県,高度急性期,144,144,192,144,308
1207,安房,12,千葉県,急性期,1115,1062,1057,1062,602
1207,安房,12,千葉県,回復期,206,238,206,238,358
1207,安房,12,千葉県,慢性期,437,437,437,437,373
1208,君津,12,千葉県,合計,2464,2433,2436,2433,2370
1208,君津,12,千葉県,高度急性期,272,272,272,272,232
1208,君津,12,千葉県,急性期,1165,1134,1165,1134,806
1208,君津,12,千葉県,回復期,295,314,295,314,810
1208,君津,12,千葉県,慢性期,732,713,704,713,522
1209,市原,12,千葉県,合計,2154,2089,2108,2089,2140
1209,市原,12,千葉県,高度急性期,108,108,108,108,284
1209,市原,12,千葉県,急性期,1567,1462,1521,1462,826
1209,市原,12,千葉県,回復期,315,355,315,355,695
1209,市原,12,千葉県,慢性期,164,164,164,164,335
1301,区中央部,13,東京都,合計,13032,12965,12981,12965,14469
1301,区中央部,13,東京都,高度急性期,6756,7764,6794,7764,3331
1301,区中央部,13,東京都,急性期,5138,4072,4984,4072,6682
1301,区中央部,13,東京都,回復期,762,808,874,808,3848
1301,区中央部,13,東京都,慢性期,376,321,329,321,608
1302,区南部,13,東京都,合計,7805,7572,7837,7572,8570
1302,区南部,13,東京都,高度急性期,1850,1736,1860,1736,1349
1302,区南部,13,東京都,急性期,3950,3897,3880,3897,3564
1302,区南部,13,東京都,回復期,1114,1205,1110,1205,2730
1302,区南部,13,東京都,慢性期,891,734,987,734,927
1303,区西南部,13,東京都,合計,9499,9377,9613,9377,9983
1303,区西南部,13,東京都,高度急性期,795,868,1000,868,1492
1303,区西南部,13,東京都,急性期,5568,5446,5528,5446,3710
1303,区西南部,13,東京都,回復期,1756,1704,1682,1704,3080
1303,区西南部,13,東京都,慢性期,1380,1359,1403,1359,1701
1304,区西部,13,東京都,合計,9400,9186,9387,9186,12116
1304,区西部,13,東京都,高度急性期,2256,2163,2304,2163,2056
1304,区西部,13,東京都,急性期,5063,4864,4984,4864,4982
1304,区西部,13,東京都,回復期,936,1058,950,1058,3944
1304,区西部,13,東京都,慢性期,1145,1101,1149,1101,1134
1305,区西北部,13,東京都,合計,14077,14230,14024,14230,15384
1305,区西北部,13,東京都,高度急性期,1772,2495,1664,2495,1845
1305,区西北部,13,東京都,急性期,6599,5666,6433,5666,5513
1305,区西北部,13,東京都,回復期,2427,2535,2503,2535,4879
1305,区西北部,13,東京都,慢性期,3279,3534,3424,3534,3147
1306,区東北部,13,東京都,合計,10450,10317,10212,10317,9716
1306,区東北部,13,東京都,高度急性期,725,732,657,732,837
1306,区東北部,13,東京都,急性期,4673,4474,4678,4474,3162
1306,区東北部,13,東京都,回復期,2238,2319,2151,2319,3370
1306,区東北部,13,東京都,慢性期,2814,2792,2726,2792,2347
1307,区東部,13,東京都,合計,8942,8939,8983,8939,8417
1307,区東部,13,東京都,高度急性期,1931,1849,1880,1849,1088
1307,区東部,13,東京都,急性期,4023,4186,4207,4186,3633
1307,区東部,13,東京都,回復期,1845,1752,1843,1752,2739
1307,区東部,13,東京都,慢性期,1143,1152,1053,1152,957
1308,西多摩,13,東京都,合計,3682,3620,3677,3620,3748
1308,西多摩,13,東京都,高度急性期,289,289,289,289,275
1308,西多摩,13,東京都,急性期,1105,1087,1075,1087,967
1308,西多摩,13,東京都,回復期,479,435,463,435,1031
1308,西多摩,13,東京都,慢性期,1809,1809,1850,1809,1475
1309,南多摩,13,東京都,合計,9843,9786,9864,9786,11743
1309,南多摩,13,東京都,高度急性期,1252,1479,1479,1479,995
1309,南多摩,13,東京都,急性期,3447,3069,3144,3069,3290
1309,南多摩,13,東京都,回復期,1471,1605,1471,1605,3067
1309,南多摩,13,東京都,慢性期,3673,3633,3770,3633,4391
1310,北多摩西部,13,東京都,合計,4434,4549,4561,4549,4836
1310,北多摩西部,13,東京都,高度急性期,1452,1437,1496,1437,595
1310,北多摩西部,13,東京都,急性期,1294,1302,1231,1302,1787
1310,北多摩西部,13,東京都,回復期,631,673,640,673,1453
1310,北多摩西部,13,東京都,慢性期,1057,1137,1194,1137,1001
1311,北多摩南部,13,東京都,合計,7075,6904,7025,6904,8704
1311,北多摩南部,13,東京都,高度急性期,2560,2545,2559,2545,1429
1311,北多摩南部,13,東京都,急性期,2380,2400,2381,2400,3087
1311,北多摩南部,13,東京都,回復期,910,882,860,882,2637
1311,北多摩南部,13,東京都,慢性期,1225,1077,1225,1077,1551
1312,北多摩北部,13,東京都,合計,6022,6051,6048,6051,6037
1312,北多摩北部,13,東京都,高度急性期,666,616,616,616,596
1312,北多摩北部,13,東京都,急性期,2531,2526,2531,2526,1877
1312,北多摩北部,13,東京都,回復期,758,834,758,834,1830
1312,北多摩北部,13,東京都,慢性期,2067,2075,2143,2075,1734
1313,島しょ,13,東京都,合計,120,116,116,116,41
1313,島しょ,13,東京都,高度急性期,0,0,0,0,0
1313,島しょ,13,東京都,急性期,120,116,116,116,21
1313,島しょ,13,東京都,回復期,0,0,0,0,20
1313,島しょ,13,東京都,慢性期,0,0,0,0,0
1404,川崎北部,14,神奈川県,合計,4275,4275,4275,4275,5103
1404,川崎北部,14,神奈川県,高度急性期,182,113,162,113,687
1404,川崎北部,14,神奈川県,急性期,2636,2753,2656,2753,1808
1404,川崎北部,14,神奈川県,回復期,426,482,426,482,1437
1404,川崎北部,14,神奈川県,慢性期,1031,927,1031,927,1171
1405,川崎南部,14,神奈川県,合計,4545,4619,4571,4619,5324
1405,川崎南部,14,神奈川県,高度急性期,227,188,227,188,856
1405,川崎南部,14,神奈川県,急性期,3658,3649,3636,3649,2327
1405,川崎南部,14,神奈川県,回復期,252,339,300,339,1569
1405,川崎南部,14,神奈川県,慢性期,408,443,408,443,572
1406,横須賀・三浦,14,神奈川県,合計,5029,5026,5126,5026,6130
1406,横須賀・三浦,14,神奈川県,高度急性期,1520,1377,1513,1377,780
1406,横須賀・三浦,14,神奈川県,急性期,1583,1760,1627,1760,2210
1406,横須賀・三浦,14,神奈川県,回復期,831,798,920,798,1913
1406,横須賀・三浦,14,神奈川県,慢性期,1095,1091,1066,1091,1227
1407,湘南東部,14,神奈川県,合計,4236,4420,4421,4420,4577
1407,湘南東部,14,神奈川県,高度急性期,793,766,781,766,539
1407,湘南東部,14,神奈川県,急性期,1801,1778,1806,1778,1585
1407,湘南東部,14,神奈川県,回復期,614,797,777,797,1303
1407,湘南東部,14,神奈川県,慢性期,1028,1079,1057,1079,1150
1408,湘南西部,14,神奈川県,合計,4538,4631,4366,4631,5501
1408,湘南西部,14,神奈川県,高度急性期,1194,1177,1162,1177,752
1408,湘南西部,14,神奈川県,急性期,1611,1603,1471,1603,2140
1408,湘南西部,14,神奈川県,回復期,623,564,623,564,1404
1408,湘南西部,14,神奈川県,慢性期,1110,1287,1110,1287,1205
1409,県央,14,神奈川県,合計,5506,5692,5484,5692,5703
1409,県央,14,神奈川県,高度急性期,167,202,159,202,541
1409,県央,14,神奈川県,急性期,2999,2878,3038,2878,2071
1409,県央,14,神奈川県,回復期,1288,1531,1235,1531,1852
1409,県央,14,神奈川県,慢性期,1052,1081,1052,1081,1239
1410,相模原,14,神奈川県,合計,5991,5845,6044,5845,7236
1410,相模原,14,神奈川県,高度急性期,904,864,904,864,808
1410,相模原,14,神奈川県,急性期,2333,2313,2333,2313,2305
1410,相模原,14,神奈川県,回復期,443,499,412,499,1710
1410,相模原,14,神奈川県,慢性期,2311,2169,2395,2169,2413
1411,県西,14,神奈川県,合計,2909,3193,2947,3193,2681
1411,県西,14,神奈川県,高度急性期,378,378,378,378,269
1411,県西,14,神奈川県,急性期,1134,1193,1144,1193,777
1411,県西,14,神奈川県,回復期,284,286,282,286,863
1411,県西,14,神奈川県,慢性期,1113,1336,1143,1336,772
1412,横浜,14,神奈川県,合計,23221,23245,23077,23245,30155
1412,横浜,14,神奈川県,高度急性期,4069,4570,3585,4570,4187
1412,横浜,14,神奈川県,急性期,10812,10363,11353,10363,10687
1412,横浜,14,神奈川県,回復期,3812,3785,3731,3785,8883
1412,横浜,14,神奈川県,慢性期,4528,4527,4408,4527,6398
1501,下越,15,新潟県,合計,1625,1643,1703,1643,1518
1501,下越,15,新潟県,高度急性期,26,26,26,26,123
1501,下越,15,新潟県,急性期,909,766,924,766,442
1501,下越,15,新潟県,回復期,390,491,453,491,476
1501,下越,15,新潟県,慢性期,300,360,300,360,477
1502,新潟,15,新潟県,合計,8347,8074,8476,8074,7728
1502,新潟,15,新潟県,高度急性期,1517,1525,1580,1525,799
1502,新潟,15,新潟県,急性期,3282,3141,3366,3141,2526
1502,新潟,15,新潟県,回復期,1692,1680,1595,1680,2308
1502,新潟,15,新潟県,慢性期,1856,1728,1935,1728,2095
1503,県央,15,新潟県,合計,1236,1192,1272,1192,1596
1503,県央,15,新潟県,高度急性期,12,12,12,12,87
1503,県央,15,新潟県,急性期,717,748,857,748,449
1503,県央,15,新潟県,回復期,300,225,196,225,627
1503,県央,15,新潟県,慢性期,207,207,207,207,433
1504,中越,15,新潟県,合計,3728,3713,3788,3713,3627
1504,中越,15,新潟県,高度急性期,179,179,179,179,359
1504,中越,15,新潟県,急性期,1877,1758,1937,1758,1127
1504,中越,15,新潟県,回復期,400,559,349,559,974
1504,中越,15,新潟県,慢性期,1272,1217,1323,1217,1167
1505,魚沼,15,新潟県,合計,1229,1210,1172,1210,1258
1505,魚沼,15,新潟県,高度急性期,26,26,26,26,76
1505,魚沼,15,新潟県,急性期,746,744,697,744,362
1505,魚沼,15,新潟県,回復期,357,296,349,296,424
1505,魚沼,15,新潟県,慢性期,100,144,100,144,396
1506,上越,15,新潟県,合計,1978,1912,2033,1912,2067
1506,上越,15,新潟県,高度急性期,30,30,30,30,193
1506,上越,15,新潟県,急性期,1171,1096,1171,1096,700
1506,上越,15,新潟県,回復期,348,357,403,357,694
1506,上越,15,新潟県,慢性期,429,429,429,429,480
1507,佐渡,15,新潟県,合計,369,350,369,350,489
1507,佐渡,15,新潟県,高度急性期,0,0,0,0,24
1507,佐渡,15,新潟県,急性期,190,190,190,190,124
1507,佐渡,15,新潟県,回復期,160,160,160,160,206
1507,佐渡,15,新潟県,慢性期,19,0,19,0,135
1601,新川,16,富山県,合計,1383,1408,1409,1408,1210
1601,新川,16,富山県,高度急性期,17,38,42,38,86
1601,新川,16,富山県,急性期,679,683,680,683,375
1601,新川,16,富山県,回復期,215,215,215,215,346
1601,新川,16,富山県,慢性期,472,472,472,472,403
1602,富山,16,富山県,合計,5856,5841,5896,5841,4918
1602,富山,16,富山県,高度急性期,1341,1389,1348,1389,536
1602,富山,16,富山県,急性期,1452,1351,1551,1351,1648
1602,富山,16,富山県,回復期,956,1053,949,1053,1360
1602,富山,16,富山県,慢性期,2107,2048,2048,2048,1374
1603,高岡,16,富山県,合計,2752,2767,2812,2767,2391
1603,高岡,16,富山県,高度急性期,317,304,317,304,233
1603,高岡,16,富山県,急性期,1215,1233,1223,1233,915
1603,高岡,16,富山県,回復期,553,563,563,563,750
1603,高岡,16,富山県,慢性期,667,667,709,667,493
1604,砺波,16,富山県,合計,1409,1383,1503,1383,1038
1604,砺波,16,富山県,高度急性期,16,16,16,16,75
1604,砺波,16,富山県,急性期,593,515,642,515,316
1604,砺波,16,富山県,回復期,210,262,210,262,269
1604,砺波,16,富山県,慢性期,590,590,635,590,378
1701,南加賀,17,石川県,合計,1967,1904,1986,1904,2013
1701,南加賀,17,石川県,高度急性期,25,25,25,25,146
1701,南加賀,17,石川県,急性期,814,856,814,856,696
1701,南加賀,17,石川県,回復期,545,430,564,430,567
1701,南加賀,17,石川県,慢性期,583,593,583,593,604
1702,石川中央,17,石川県,合計,9104,9069,9016,9069,8160
1702,石川中央,17,石川県,高度急性期,2192,2178,2178,2178,940
1702,石川中央,17,石川県,急性期,2951,2941,2943,2941,2659
1702,石川中央,17,石川県,回復期,1371,1325,1326,1325,2648
1702,石川中央,17,石川県,慢性期,2590,2625,2569,2625,1913
1703,能登中部,17,石川県,合計,1309,1292,1359,1292,1275
1703,能登中部,17,石川県,高度急性期,28,28,28,28,108
1703,能登中部,17,石川県,急性期,667,652,719,652,417
1703,能登中部,17,石川県,回復期,310,308,308,308,325
1703,能登中部,17,石川県,慢性期,304,304,304,304,425
1704,能登北部,17,石川県,合計,372,374,374,374,451
1704,能登北部,17,石川県,高度急性期,0,0,0,0,31
1704,能登北部,17,石川県,急性期,270,266,298,266,158
1704,能登北部,17,石川県,回復期,102,108,76,108,154
1704,能登北部,17,石川県,慢性期,0,0,0,0,108
1801,福井・坂井,18,福井県,合計,5209,5062,5270,5062,4652
1801,福井・坂井,18,福井県,高度急性期,896,884,884,884,588
1801,福井・坂井,18,福井県,急性期,2255,2200,2331,2200,1691
1801,福井・坂井,18,福井県,回復期,1105,1068,1067,1068,1502
1801,福井・坂井,18,福井県,慢性期,953,910,988,910,871
1802,奥越,18,福井県,合計,389,389,394,389,419
1802,奥越,18,福井県,高度急性期,0,0,0,0,16
1802,奥越,18,福井県,急性期,214,255,219,255,129
1802,奥越,18,福井県,回復期,82,41,82,41,181
1802,奥越,18,福井県,慢性期,93,93,93,93,93
1803,丹南,18,福井県,合計,1424,1437,1451,1437,1441
1803,丹南,18,福井県,高度急性期,0,0,0,0,55
1803,丹南,18,福井県,急性期,470,502,517,502,423
1803,丹南,18,福井県,回復期,540,525,510,525,577
1803,丹南,18,福井県,慢性期,414,410,424,410,386
1804,嶺南,18,福井県,合計,1269,1269,1370,1269,1079
1804,嶺南,18,福井県,高度急性期,18,18,18,18,76
1804,嶺南,18,福井県,急性期,550,595,636,595,333
1804,嶺南,18,福井県,回復期,285,285,285,285,386
1804,嶺南,18,福井県,慢性期,416,371,431,371,284
1901,中北,19,山梨県,合計,4789,4722,4863,4722,4144
1901,中北,19,山梨県,高度急性期,760,707,713,707,403
1901,中北,19,山梨県,急性期,1888,1844,1980,1844,1353
1901,中北,19,山梨県,回復期,761,757,657,757,1227
1901,中北,19,山梨県,慢性期,1380,1414,1513,1414,1161
1902,峡東,19,山梨県,合計,1875,1918,2007,1918,1724
1902,峡東,19,山梨県,高度急性期,0,0,0,0,48
1902,峡東,19,山梨県,急性期,553,588,553,588,279
1902,峡東,19,山梨県,回復期,775,785,909,785,978
1902,峡東,19,山梨県,慢性期,547,545,545,545,419
1903,峡南,19,山梨県,合計,457,360,478,360,263
1903,峡南,19,山梨県,高度急性期,0,0,0,0,0
1903,峡南,19,山梨県,急性期,359,236,354,236,78
1903,峡南,19,山梨県,回復期,0,0,0,0,102
1903,峡南,19,山梨県,慢性期,98,124,124,124,83
1904,富士・東部,19,山梨県,合計,1048,1049,1064,1049,778
1904,富士・東部,19,山梨県,高度急性期,14,8,14,8,84
1904,富士・東部,19,山梨県,急性期,677,645,695,645,318
1904,富士・東部,19,山梨県,回復期,268,272,268,272,259
1904,富士・東部,19,山梨県,慢性期,89,124,87,124,117
2001,佐久,20,長野県,合計,1903,1932,1903,1932,1754
2001,佐久,20,長野県,高度急性期,86,86,86,86,193
2001,佐久,20,長野県,急性期,1214,1241,1214,1241,733
2001,佐久,20,長野県,回復期,400,361,400,361,494
2001,佐久,20,長野県,慢性期,203,244,203,244,334
2002,上小,20,長野県,合計,1841,1790,1791,1790,1764
2002,上小,20,長野県,高度急性期,41,41,83,41,98
2002,上小,20,長野県,急性期,839,778,747,778,547
2002,上小,20,長野県,回復期,504,495,504,495,696
2002,上小,20,長野県,慢性期,457,476,457,476,423
2003,諏訪,20,長野県,合計,1748,1784,1784,1784,1733
2003,諏訪,20,長野県,高度急性期,315,315,315,315,215
2003,諏訪,20,長野県,急性期,724,754,785,754,719
2003,諏訪,20,長野県,回復期,318,342,367,342,510
2003,諏訪,20,長野県,慢性期,391,373,317,373,289
2004,上伊那,20,長野県,合計,1229,1285,1285,1285,1153
2004,上伊那,20,長野県,高度急性期,161,161,161,161,119
2004,上伊那,20,長野県,急性期,546,563,546,563,432
2004,上伊那,20,長野県,回復期,304,343,360,343,381
2004,上伊那,20,長野県,慢性期,218,218,218,218,221
2005,飯伊,20,長野県,合計,1289,1269,1311,1269,1338
2005,飯伊,20,長野県,高度急性期,143,127,156,127,129
2005,飯伊,20,長野県,急性期,669,765,682,765,555
2005,飯伊,20,長野県,回復期,345,245,341,245,416
2005,飯伊,20,長野県,慢性期,132,132,132,132,238
2006,木曽,20,長野県,合計,139,145,149,145,138
2006,木曽,20,長野県,高度急性期,0,0,0,0,14
2006,木曽,20,長野県,急性期,60,56,98,56,58
2006,木曽,20,長野県,回復期,60,70,32,70,40
2006,木曽,20,長野県,慢性期,19,19,19,19,26
2007,松本,20,長野県,合計,3755,3703,3715,3703,3595
2007,松本,20,長野県,高度急性期,528,525,535,525,503
2007,松本,20,長野県,急性期,1965,1908,1967,1908,1432
2007,松本,20,長野県,回復期,754,762,705,762,1098
2007,松本,20,長野県,慢性期,508,508,508,508,562
2008,大北,20,長野県,合計,399,399,399,399,403
2008,大北,20,長野県,高度急性期,0,0,0,0,36
2008,大北,20,長野県,急性期,251,251,251,251,197
2008,大北,20,長野県,回復期,100,100,100,100,108
2008,大北,20,長野県,慢性期,48,48,48,48,62
2009,長野,20,長野県,合計,4872,4828,4875,4828,4420
2009,長野,20,長野県,高度急性期,513,535,536,535,543
2009,長野,20,長野県,急性期,2258,2287,2352,2287,1634
2009,長野,20,長野県,回復期,814,661,709,661,1196
2009,長野,20,長野県,慢性期,1287,1345,1278,1345,1047
2010,北信,20,長野県,合計,696,636,640,636,541
2010,北信,20,長野県,高度急性期,75,75,75,75,57
2010,北信,20,長野県,急性期,339,339,343,339,244
2010,北信,20,長野県,回復期,200,140,140,140,182
2010,北信,20,長野県,慢性期,82,82,82,82,58
2101,岐阜,21,岐阜県,合計,7227,6941,7170,6941,7074
2101,岐阜,21,岐阜県,高度急性期,1509,1759,1509,1759,869
2101,岐阜,21,岐阜県,急性期,3024,2537,2954,2537,2757
2101,岐阜,21,岐阜県,回復期,1202,1276,1095,1276,2201
2101,岐阜,21,岐阜県,慢性期,1492,1369,1612,1369,1247
2102,西濃,21,岐阜県,合計,2429,2442,2412,2442,2430
2102,西濃,21,岐阜県,高度急性期,330,298,298,298,253
2102,西濃,21,岐阜県,急性期,1131,1136,1135,1136,917
2102,西濃,21,岐阜県,回復期,525,589,525,589,744
2102,西濃,21,岐阜県,慢性期,443,419,454,419,516
2103,中濃,21,岐阜県,合計,2535,2548,2601,2548,2411
2103,中濃,21,岐阜県,高度急性期,395,395,350,395,226
2103,中濃,21,岐阜県,急性期,1266,1234,1289,1234,902
2103,中濃,21,岐阜県,回復期,387,343,445,343,841
2103,中濃,21,岐阜県,慢性期,487,576,517,576,442
2104,東濃,21,岐阜県,合計,2320,2171,2190,2171,2057
2104,東濃,21,岐阜県,高度急性期,324,335,324,335,236
2104,東濃,21,岐阜県,急性期,1277,1125,1175,1125,836
2104,東濃,21,岐阜県,回復期,467,416,429,416,653
2104,東濃,21,岐阜県,慢性期,252,295,262,295,332
2105,飛騨,21,岐阜県,合計,1073,1027,1088,1027,1006
2105,飛騨,21,岐阜県,高度急性期,76,76,16,76,108
2105,飛騨,21,岐阜県,急性期,540,466,620,466,380
2105,飛騨,21,岐阜県,回復期,310,368,256,368,326
2105,飛騨,21,岐阜県,慢性期,147,117,196,117,192
2201,賀茂,22,静岡県,合計,736,733,744,733,659
2201,賀茂,22,静岡県,高度急性期,0,0,0,0,20
2201,賀茂,22,静岡県,急性期,241,238,249,238,186
2201,賀茂,22,静岡県,回復期,217,217,217,217,271
2201,賀茂,22,静岡県,慢性期,278,278,278,278,182
2202,熱海伊東,22,静岡県,合計,1117,1003,1097,1003,1068
2202,熱海伊東,22,静岡県,高度急性期,20,20,20,20,84
2202,熱海伊東,22,静岡県,急性期,548,544,548,544,365
2202,熱海伊東,22,静岡県,回復期,148,148,148,148,384
2202,熱海伊東,22,静岡県,慢性期,401,291,381,291,235
2203,駿東田方,22,静岡県,合計,6365,6290,6340,6290,4929
2203,駿東田方,22,静岡県,高度急性期,684,676,740,676,609
2203,駿東田方,22,静岡県,急性期,2715,2706,2708,2706,1588
2203,駿東田方,22,静岡県,回復期,1044,1039,1021,1039,1572
2203,駿東田方,22,静岡県,慢性期,1922,1869,1871,1869,1160
2204,富士,22,静岡県,合計,2506,2508,2516,2508,2610
2204,富士,22,静岡県,高度急性期,260,260,260,260,208
2204,富士,22,静岡県,急性期,1171,1174,1211,1174,867
2204,富士,22,静岡県,回復期,572,571,542,571,859
2204,富士,22,静岡県,慢性期,503,503,503,503,676
2205,静岡,22,静岡県,合計,6125,5773,6080,5773,5202
2205,静岡,22,静岡県,高度急性期,1416,1362,1392,1362,773
2205,静岡,22,静岡県,急性期,2161,1952,2206,1952,1760
2205,静岡,22,静岡県,回復期,950,902,924,902,1370
2205,静岡,22,静岡県,慢性期,1598,1557,1558,1557,1299
2206,志太榛原,22,静岡県,合計,3214,3125,3240,3125,3246
2206,志太榛原,22,静岡県,高度急性期,304,249,292,249,321
2206,志太榛原,22,静岡県,急性期,1784,1804,1748,1804,1133
2206,志太榛原,22,静岡県,回復期,554,525,554,525,1054
2206,志太榛原,22,静岡県,慢性期,572,547,646,547,738
2207,中東遠,22,静岡県,合計,2782,2782,2832,2782,2856
2207,中東遠,22,静岡県,高度急性期,389,389,389,389,256
2207,中東遠,22,静岡県,急性期,985,983,983,983,1081
2207,中東遠,22,静岡県,回復期,673,708,673,708,821
2207,中東遠,22,静岡県,慢性期,735,702,787,702,698
2208,西部,22,静岡県,合計,7000,6838,6992,6838,6014
2208,西部,22,静岡県,高度急性期,2055,2109,2055,2109,889
2208,西部,22,静岡県,急性期,2363,2141,2282,2141,2104
2208,西部,22,静岡県,回復期,1004,977,936,977,1572
2208,西部,22,静岡県,慢性期,1578,1611,1719,1611,1449
2302,海部,23,愛知県,合計,1776,1776,1775,1776,1981
2302,海部,23,愛知県,高度急性期,187,187,194,187,192
2302,海部,23,愛知県,急性期,796,795,788,795,640
2302,海部,23,愛知県,回復期,462,482,462,482,772
2302,海部,23,愛知県,慢性期,331,312,331,312,377
2304,尾張東部,23,愛知県,合計,4364,4301,4379,4301,5268
2304,尾張東部,23,愛知県,高度急性期,2075,2075,2075,2075,799
2304,尾張東部,23,愛知県,急性期,1350,1273,1365,1273,2309
2304,尾張東部,23,愛知県,回復期,212,212,212,212,1374
2304,尾張東部,23,愛知県,慢性期,727,741,727,741,786
2305,尾張西部,23,愛知県,合計,3704,3708,3713,3708,3922
2305,尾張西部,23,愛知県,高度急性期,228,148,165,148,407
2305,尾張西部,23,愛知県,急性期,2119,2115,2213,2115,1394
2305,尾張西部,23,愛知県,回復期,833,921,811,921,1508
2305,尾張西部,23,愛知県,慢性期,524,524,524,524,613
2306,尾張北部,23,愛知県,合計,5203,5221,5175,5221,5385
2306,尾張北部,23,愛知県,高度急性期,614,710,614,710,565
2306,尾張北部,23,愛知県,急性期,2532,2500,2504,2500,1822
2306,尾張北部,23,愛知県,回復期,805,748,805,748,1789
2306,尾張北部,23,愛知県,慢性期,1252,1263,1252,1263,1209
2307,知多半島,23,愛知県,合計,3073,3109,3141,3109,3310
2307,知多半島,23,愛知県,高度急性期,259,213,214,213,319
2307,知多半島,23,愛知県,急性期,1559,1550,1672,1550,1108
2307,知多半島,23,愛知県,回復期,795,754,754,754,1209
2307,知多半島,23,愛知県,慢性期,460,592,501,592,674
2308,西三河北部,23,愛知県,合計,2834,2872,2920,2872,3064
2308,西三河北部,23,愛知県,高度急性期,435,435,435,435,368
2308,西三河北部,23,愛知県,急性期,1305,1263,1305,1263,1128
2308,西三河北部,23,愛知県,回復期,506,624,592,624,990
2308,西三河北部,23,愛知県,慢性期,588,550,588,550,578
2309,西三河南部西,23,愛知県,合計,4592,4416,4393,4416,4998
2309,西三河南部西,23,愛知県,高度急性期,567,567,394,567,585
2309,西三河南部西,23,愛知県,急性期,2062,2117,2254,2117,1703
2309,西三河南部西,23,愛知県,回復期,1032,941,856,941,1770
2309,西三河南部西,23,愛知県,慢性期,931,791,889,791,940
2310,西三河南部東,23,愛知県,合計,2464,2414,2412,2414,2325
2310,西三河南部東,23,愛知県,高度急性期,391,391,391,391,231
2310,西三河南部東,23,愛知県,急性期,1051,1022,1051,1022,706
2310,西三河南部東,23,愛知県,回復期,372,407,332,407,902
2310,西三河南部東,23,愛知県,慢性期,650,594,638,594,486
2311,東三河北部,23,愛知県,合計,305,279,279,279,267
2311,東三河北部,23,愛知県,高度急性期,0,0,0,0,19
2311,東三河北部,23,愛知県,急性期,118,118,118,118,103
2311,東三河北部,23,愛知県,回復期,87,61,61,61,70
2311,東三河北部,23,愛知県,慢性期,100,100,100,100,75
2312,東三河南部,23,愛知県,合計,6223,5943,5948,5943,5214
2312,東三河南部,23,愛知県,高度急性期,744,704,744,704,537
2312,東三河南部,23,愛知県,急性期,2527,2249,2310,2249,1633
2312,東三河南部,23,愛知県,回復期,614,652,578,652,1587
2312,東三河南部,23,愛知県,慢性期,2338,2338,2316,2338,1457
2313,名古屋・尾張中部,23,愛知県,合計,20063,19461,19861,19461,22039
2313,名古屋・尾張中部,23,愛知県,高度急性期,5974,6001,5997,6001,2885
2313,名古屋・尾張中部,23,愛知県,急性期,7251,6782,7175,6782,8067
2313,名古屋・尾張中部,23,愛知県,回復期,3469,3355,3278,3355,7509
2313,名古屋・尾張中部,23,愛知県,慢性期,3369,3323,3411,3323,3578
2405,桑員,24,三重県,合計,1509,1464,1509,1464,1548
2405,桑員,24,三重県,高度急性期,27,33,33,33,114
2405,桑員,24,三重県,急性期,848,835,842,835,497
2405,桑員,24,三重県,回復期,220,233,220,233,554
2405,桑員,24,三重県,慢性期,414,363,414,363,383
2406,三泗,24,三重県,合計,2650,2682,2893,2682,2527
2406,三泗,24,三重県,高度急性期,656,655,656,655,299
2406,三泗,24,三重県,急性期,982,930,1013,930,725
2406,三泗,24,三重県,回復期,428,493,522,493,874
2406,三泗,24,三重県,慢性期,584,604,702,604,629
2407,鈴亀,24,三重県,合計,1816,1812,1832,1812,1659
2407,鈴亀,24,三重県,高度急性期,293,293,293,293,151
2407,鈴亀,24,三重県,急性期,588,586,604,586,529
2407,鈴亀,24,三重県,回復期,274,272,274,272,476
2407,鈴亀,24,三重県,慢性期,661,661,661,661,503
2408,津,24,三重県,合計,3172,3466,3247,3466,2856
2408,津,24,三重県,高度急性期,359,369,385,369,314
2408,津,24,三重県,急性期,1506,1657,1540,1657,934
2408,津,24,三重県,回復期,550,713,595,713,881
2408,津,24,三重県,慢性期,757,727,727,727,727
2409,伊賀,24,三重県,合計,1003,951,1018,951,909
2409,伊賀,24,三重県,高度急性期,10,10,10,10,77
2409,伊賀,24,三重県,急性期,815,811,830,811,284
2409,伊賀,24,三重県,回復期,138,90,138,90,329
2409,伊賀,24,三重県,慢性期,40,40,40,40,219
2410,松阪,24,三重県,合計,2017,1948,1998,1948,1837
2410,松阪,24,三重県,高度急性期,537,537,537,537,222
2410,松阪,24,三重県,急性期,718,665,718,665,641
2410,松阪,24,三重県,回復期,323,326,323,326,589
2410,松阪,24,三重県,慢性期,439,420,420,420,385
2411,伊勢志摩,24,三重県,合計,1736,1697,1720,1697,1687
2411,伊勢志摩,24,三重県,高度急性期,321,321,325,321,216
2411,伊勢志摩,24,三重県,急性期,772,733,752,733,527
2411,伊勢志摩,24,三重県,回復期,280,320,320,320,501
2411,伊勢志摩,24,三重県,慢性期,363,323,323,323,443
2412,東紀州,24,三重県,合計,670,623,623,623,561
2412,東紀州,24,三重県,高度急性期,0,0,0,0,29
2412,東紀州,24,三重県,急性期,275,252,245,252,122
2412,東紀州,24,三重県,回復期,156,156,156,156,174
2412,東紀州,24,三重県,慢性期,239,215,222,215,236
2501,大津,25,滋賀県,合計,2946,3017,2999,3017,3237
2501,大津,25,滋賀県,高度急性期,968,968,968,968,470
2501,大津,25,滋賀県,急性期,969,969,967,969,1161
2501,大津,25,滋賀県,回復期,450,481,481,481,961
2501,大津,25,滋賀県,慢性期,559,599,583,599,645
2502,湖南,25,滋賀県,合計,2873,2785,2879,2785,2706
2502,湖南,25,滋賀県,高度急性期,390,347,343,347,294
2502,湖南,25,滋賀県,急性期,1392,1347,1350,1347,999
2502,湖南,25,滋賀県,回復期,516,516,414,516,892
2502,湖南,25,滋賀県,慢性期,575,575,772,575,521
2503,甲賀,25,滋賀県,合計,1128,1128,1128,1128,1178
2503,甲賀,25,滋賀県,高度急性期,8,8,8,8,78
2503,甲賀,25,滋賀県,急性期,591,545,545,545,311
2503,甲賀,25,滋賀県,回復期,188,234,234,234,448
2503,甲賀,25,滋賀県,慢性期,341,341,341,341,341
2504,東近江,25,滋賀県,合計,2072,2008,2087,2008,1832
2504,東近江,25,滋賀県,高度急性期,152,152,152,152,174
2504,東近江,25,滋賀県,急性期,829,825,875,825,485
2504,東近江,25,滋賀県,回復期,329,409,279,409,551
2504,東近江,25,滋賀県,慢性期,762,622,781,622,622
2505,湖東,25,滋賀県,合計,1052,981,1069,981,1014
2505,湖東,25,滋賀県,高度急性期,14,14,14,14,82
2505,湖東,25,滋賀県,急性期,558,551,570,551,355
2505,湖東,25,滋賀県,回復期,225,161,272,161,293
2505,湖東,25,滋賀県,慢性期,255,255,213,255,284
2506,湖北,25,滋賀県,合計,1107,939,1107,939,962
2506,湖北,25,滋賀県,高度急性期,334,295,295,295,161
2506,湖北,25,滋賀県,急性期,531,406,570,406,446
2506,湖北,25,滋賀県,回復期,133,181,133,181,288
2506,湖北,25,滋賀県,慢性期,109,57,109,57,67
2507,湖西,25,滋賀県,合計,406,406,448,406,390
2507,湖西,25,滋賀県,高度急性期,0,0,0,0,18
2507,湖西,25,滋賀県,急性期,224,224,224,224,114
2507,湖西,25,滋賀県,回復期,82,82,124,82,146
2507,湖西,25,滋賀県,慢性期,100,100,100,100,112
2601,丹後,26,京都府,合計,1113,1205,1119,1205,870
2601,丹後,26,京都府,高度急性期,16,16,16,16,71
2601,丹後,26,京都府,急性期,667,688,722,688,263
2601,丹後,26,京都府,回復期,245,196,196,196,352
2601,丹後,26,京都府,慢性期,185,305,185,305,184
2602,中丹,26,京都府,合計,2000,1845,2054,1845,1657
2602,中丹,26,京都府,高度急性期,73,73,73,73,184
2602,中丹,26,京都府,急性期,951,952,958,952,634
2602,中丹,26,京都府,回復期,566,487,613,487,557
2602,中丹,26,京都府,慢性期,410,333,410,333,282
2603,南丹,26,京都府,合計,1246,1154,1271,1154,1234
2603,南丹,26,京都府,高度急性期,46,46,46,46,80
2603,南丹,26,京都府,急性期,604,586,604,586,360
2603,南丹,26,京都府,回復期,103,103,103,103,278
2603,南丹,26,京都府,慢性期,493,419,518,419,516
2604,京都・乙訓,26,京都府,合計,16637,16405,16804,16405,21283
2604,京都・乙訓,26,京都府,高度急性期,3441,2996,3344,2996,2487
2604,京都・乙訓,26,京都府,急性期,6335,6759,6537,6759,6865
2604,京都・乙訓,26,京都府,回復期,3184,3117,3178,3117,6005
2604,京都・乙訓,26,京都府,慢性期,3677,3533,3745,3533,5926
2605,山城北,26,京都府,合計,3656,3808,3760,3808,4348
2605,山城北,26,京都府,高度急性期,601,298,297,298,309
2605,山城北,26,京都府,急性期,935,1294,1282,1294,1200
2605,山城北,26,京都府,回復期,881,977,870,977,1191
2605,山城北,26,京都府,慢性期,1239,1239,1311,1239,1648
2606,山城南,26,京都府,合計,649,669,669,669,565
2606,山城南,26,京都府,高度急性期,0,30,0,30,56
2606,山城南,26,京都府,急性期,343,333,363,333,221
2606,山城南,26,京都府,回復期,191,191,191,191,159
2606,山城南,26,京都府,慢性期,115,115,115,115,129
2701,豊能,27,大阪府,合計,8802,8673,8766,8673,11478
2701,豊能,27,大阪府,高度急性期,1874,2141,1918,2141,1436
2701,豊能,27,大阪府,急性期,3669,3336,3566,3336,4044
2701,豊能,27,大阪府,回復期,1239,1259,1259,1259,3577
2701,豊能,27,大阪府,慢性期,2020,1937,2023,1937,2421
2702,三島,27,大阪府,合計,6330,6506,6293,6506,9113
2702,三島,27,大阪府,高度急性期,1344,1237,1297,1237,956
2702,三島,27,大阪府,急性期,2221,2309,2200,2309,2961
2702,三島,27,大阪府,回復期,1243,1428,1338,1428,2786
2702,三島,27,大阪府,慢性期,1522,1532,1458,1532,2410
2703,北河内,27,大阪府,合計,9911,9888,10072,9888,13110
2703,北河内,27,大阪府,高度急性期,1213,1500,1330,1500,1197
2703,北河内,27,大阪府,急性期,4521,4289,4297,4289,4319
2703,北河内,27,大阪府,回復期,1835,1719,2033,1719,4511
2703,北河内,27,大阪府,慢性期,2342,2380,2412,2380,3083
2704,中河内,27,大阪府,合計,5572,5568,5588,5568,7115
2704,中河内,27,大阪府,高度急性期,704,788,480,788,657
2704,中河内,27,大阪府,急性期,2576,2566,2692,2566,2424
2704,中河内,27,大阪府,回復期,1166,1162,1149,1162,2759
2704,中河内,27,大阪府,慢性期,1126,1052,1267,1052,1275
2705,南河内,27,大阪府,合計,5905,6206,6017,6206,7106
2705,南河内,27,大阪府,高度急性期,1250,1084,1379,1084,814
2705,南河内,27,大阪府,急性期,2269,2449,2229,2449,2515
2705,南河内,27,大阪府,回復期,517,731,597,731,1875
2705,南河内,27,大阪府,慢性期,1869,1942,1812,1942,1902
2706,堺市,27,大阪府,合計,8706,8982,8801,8982,9892
2706,堺市,27,大阪府,高度急性期,1734,1856,1634,1856,991
2706,堺市,27,大阪府,急性期,2029,1863,2158,1863,3128
2706,堺市,27,大阪府,回復期,1238,1510,1207,1510,2571
2706,堺市,27,大阪府,慢性期,3705,3753,3802,3753,3202
2707,泉州,27,大阪府,合計,8293,8595,8328,8595,8957
2707,泉州,27,大阪府,高度急性期,2107,2166,1995,2166,993
2707,泉州,27,大阪府,急性期,1736,1746,1859,1746,2818
2707,泉州,27,大阪府,回復期,1651,1546,1587,1546,2623
2707,泉州,27,大阪府,慢性期,2799,3137,2887,3137,2523
2708,大阪市,27,大阪府,合計,30498,30436,31207,30436,34703
2708,大阪市,27,大阪府,高度急性期,5158,5494,4699,5494,4745
2708,大阪市,27,大阪府,急性期,13274,12893,13865,12893,12838
2708,大阪市,27,大阪府,回復期,4461,4487,4311,4487,10662
2708,大阪市,27,大阪府,慢性期,7605,7562,8332,7562,6458
2801,神戸,28,兵庫県,合計,15498,15288,15677,15288,15647
2801,神戸,28,兵庫県,高度急性期,2193,2310,2304,2310,2074
2801,神戸,28,兵庫県,急性期,6990,6900,7050,6900,5910
2801,神戸,28,兵庫県,回復期,2902,2948,2781,2948,5032
2801,神戸,28,兵庫県,慢性期,3413,3130,3542,3130,2631
2804,東播磨,28,兵庫県,合計,6060,6102,6081,6102,6454
2804,東播磨,28,兵庫県,高度急性期,438,459,383,459,730
2804,東播磨,28,兵庫県,急性期,3165,3086,3220,3086,2229
2804,東播磨,28,兵庫県,回復期,1218,1170,1143,1170,2115
2804,東播磨,28,兵庫県,慢性期,1239,1387,1335,1387,1380
2805,北播磨,28,兵庫県,合計,3467,3459,3459,3459,3368
2805,北播磨,28,兵庫県,高度急性期,56,56,56,56,234
2805,北播磨,28,兵庫県,急性期,1214,1103,1206,1103,988
2805,北播磨,28,兵庫県,回復期,994,1023,994,1023,889
2805,北播磨,28,兵庫県,慢性期,1203,1277,1203,1277,1257
2808,但馬,28,兵庫県,合計,1269,1288,1252,1288,1400
2808,但馬,28,兵庫県,高度急性期,26,26,26,26,133
2808,但馬,28,兵庫県,急性期,683,667,667,667,541
2808,但馬,28,兵庫県,回復期,383,432,383,432,476
2808,但馬,28,兵庫県,慢性期,177,163,176,163,250
2809,丹波,28,兵庫県,合計,1022,948,1111,948,831
2809,丹波,28,兵庫県,高度急性期,6,6,6,6,52
2809,丹波,28,兵庫県,急性期,482,435,524,435,236
2809,丹波,28,兵庫県,回復期,133,136,133,136,204
2809,丹波,28,兵庫県,慢性期,401,371,448,371,339
2810,淡路,28,兵庫県,合計,1690,1588,1671,1588,1424
2810,淡路,28,兵庫県,高度急性期,98,104,98,104,99
2810,淡路,28,兵庫県,急性期,621,506,621,506,328
2810,淡路,28,兵庫県,回復期,252,233,233,233,438
2810,淡路,28,兵庫県,慢性期,719,745,719,745,559
2811,阪神,28,兵庫県,合計,15562,15311,15672,15311,15840
2811,阪神,28,兵庫県,高度急性期,2708,2078,2656,2078,1776
2811,阪神,28,兵庫県,急性期,5754,5756,5786,5756,5358
2811,阪神,28,兵庫県,回復期,2865,2983,2675,2983,4577
2811,阪神,28,兵庫県,慢性期,4235,4494,4555,4494,4129
2812,播磨姫路,28,兵庫県,合計,7946,7825,7967,7825,7491
2812,播磨姫路,28,兵庫県,高度急性期,1087,1087,1087,1087,803
2812,播磨姫路,28,兵庫県,急性期,3472,3514,3564,3514,2667
2812,播磨姫路,28,兵庫県,回復期,1623,1670,1642,1670,2801
2812,播磨姫路,28,兵庫県,慢性期,1764,1554,1674,1554,1220
2901,奈良,29,奈良県,合計,3606,3617,3589,3617,3542
2901,奈良,29,奈良県,高度急性期,110,110,114,110,329
2901,奈良,29,奈良県,急性期,1663,1670,1720,1670,1170
2901,奈良,29,奈良県,回復期,866,822,828,822,1137
2901,奈良,29,奈良県,慢性期,967,1015,927,1015,906
2902,東和,29,奈良県,合計,2306,2309,2325,2309,2366
2902,東和,29,奈良県,高度急性期,480,435,480,435,285
2902,東和,29,奈良県,急性期,1084,1132,1083,1132,933
2902,東和,29,奈良県,回復期,536,536,536,536,830
2902,東和,29,奈良県,慢性期,206,206,226,206,318
2903,西和,29,奈良県,合計,2968,3002,3049,3002,3305
2903,西和,29,奈良県,高度急性期,234,234,234,234,283
2903,西和,29,奈良県,急性期,1620,1613,1661,1613,932
2903,西和,29,奈良県,回復期,541,582,541,582,1113
2903,西和,29,奈良県,慢性期,573,573,613,573,977
2904,中和,29,奈良県,合計,3372,3409,3467,3409,3403
2904,中和,29,奈良県,高度急性期,440,450,440,450,355
2904,中和,29,奈良県,急性期,1759,1754,1777,1754,1209
2904,中和,29,奈良県,回復期,602,602,589,602,1130
2904,中和,29,奈良県,慢性期,571,603,661,603,709
2905,南和,29,奈良県,合計,555,574,574,574,447
2905,南和,29,奈良県,高度急性期,8,8,8,8,23
2905,南和,29,奈良県,急性期,247,266,266,266,130
2905,南和,29,奈良県,回復期,131,131,131,131,123
2905,南和,29,奈良県,慢性期,169,169,169,169,171
3001,和歌山,30,和歌山県,合計,5418,5279,5421,5279,4961
3001,和歌山,30,和歌山県,高度急性期,1069,747,1069,747,588
3001,和歌山,30,和歌山県,急性期,2110,2300,2147,2300,1674
3001,和歌山,30,和歌山県,回復期,1217,1344,1183,1344,1836
3001,和歌山,30,和歌山県,慢性期,1022,888,1022,888,863
3002,那賀,30,和歌山県,合計,951,899,949,899,961
3002,那賀,30,和歌山県,高度急性期,0,3,0,3,48
3002,那賀,30,和歌山県,急性期,360,305,360,305,267
3002,那賀,30,和歌山県,回復期,322,322,296,322,261
3002,那賀,30,和歌山県,慢性期,269,269,293,269,385
3003,橋本,30,和歌山県,合計,813,772,841,772,737
3003,橋本,30,和歌山県,高度急性期,6,6,6,6,65
3003,橋本,30,和歌山県,急性期,407,403,472,403,267
3003,橋本,30,和歌山県,回復期,283,236,214,236,327
3003,橋本,30,和歌山県,慢性期,117,127,149,127,78
3004,有田,30,和歌山県,合計,623,578,613,578,495
3004,有田,30,和歌山県,高度急性期,0,0,0,0,0
3004,有田,30,和歌山県,急性期,167,167,202,167,146
3004,有田,30,和歌山県,回復期,233,188,188,188,148
3004,有田,30,和歌山県,慢性期,223,223,223,223,201
3005,御坊,30,和歌山県,合計,808,808,808,808,655
3005,御坊,30,和歌山県,高度急性期,8,8,8,8,20
3005,御坊,30,和歌山県,急性期,370,370,370,370,210
3005,御坊,30,和歌山県,回復期,171,171,171,171,191
3005,御坊,30,和歌山県,慢性期,259,259,259,259,234
3006,田辺,30,和歌山県,合計,1281,1271,1283,1271,1113
3006,田辺,30,和歌山県,高度急性期,113,40,113,40,120
3006,田辺,30,和歌山県,急性期,646,707,646,707,404
3006,田辺,30,和歌山県,回復期,281,281,281,281,340
3006,田辺,30,和歌山県,慢性期,241,243,243,243,249
3007,新宮,30,和歌山県,合計,707,630,735,630,584
3007,新宮,30,和歌山県,高度急性期,5,5,5,5,44
3007,新宮,30,和歌山県,急性期,349,349,349,349,174
3007,新宮,30,和歌山県,回復期,60,60,60,60,212
3007,新宮,30,和歌山県,慢性期,293,216,321,216,154
3101,東部,31,鳥取県,合計,2442,2442,2445,2442,2243
3101,東部,31,鳥取県,高度急性期,65,65,65,65,218
3101,東部,31,鳥取県,急性期,1260,1260,1272,1260,740
3101,東部,31,鳥取県,回復期,404,454,404,454,699
3101,東部,31,鳥取県,慢性期,713,663,704,663,586
3102,中部,31,鳥取県,合計,1231,1196,1231,1196,1158
3102,中部,31,鳥取県,高度急性期,106,106,106,106,83
3102,中部,31,鳥取県,急性期,431,474,431,474,402
3102,中部,31,鳥取県,回復期,377,334,377,334,449
3102,中部,31,鳥取県,慢性期,317,282,317,282,224
3103,西部,31,鳥取県,合計,2907,2870,2854,2870,2495
3103,西部,31,鳥取県,高度急性期,661,661,661,661,282
3103,西部,31,鳥取県,急性期,1169,1164,1121,1164,877
3103,西部,31,鳥取県,回復期,470,468,465,468,989
3103,西部,31,鳥取県,慢性期,607,577,607,577,347
3201,松江,32,島根県,合計,2557,2460,2574,2460,2474
3201,松江,32,島根県,高度急性期,441,487,441,487,212
3201,松江,32,島根県,急性期,861,804,878,804,810
3201,松江,32,島根県,回復期,585,537,585,537,712
3201,松江,32,島根県,慢性期,670,632,670,632,740
3202,雲南,32,島根県,合計,538,538,593,538,523
3202,雲南,32,島根県,高度急性期,0,0,0,0,15
3202,雲南,32,島根県,急性期,252,252,252,252,113
3202,雲南,32,島根県,回復期,183,183,183,183,254
3202,雲南,32,島根県,慢性期,103,103,158,103,141
3203,出雲,32,島根県,合計,2312,2288,2280,2288,1661
3203,出雲,32,島根県,高度急性期,305,324,314,324,255
3203,出雲,32,島根県,急性期,982,999,1001,999,644
3203,出雲,32,島根県,回復期,452,392,392,392,421
3203,出雲,32,島根県,慢性期,573,573,573,573,341
3204,大田,32,島根県,合計,461,461,471,461,403
3204,大田,32,島根県,高度急性期,0,0,0,0,13
3204,大田,32,島根県,急性期,249,249,259,249,93
3204,大田,32,島根県,回復期,186,186,186,186,174
3204,大田,32,島根県,慢性期,26,26,26,26,123
3205,浜田,32,島根県,合計,801,728,846,728,760
3205,浜田,32,島根県,高度急性期,10,10,10,10,62
3205,浜田,32,島根県,急性期,268,269,301,269,255
3205,浜田,32,島根県,回復期,138,141,138,141,212
3205,浜田,32,島根県,慢性期,385,308,397,308,231
3206,益田,32,島根県,合計,628,583,628,583,613
3206,益田,32,島根県,高度急性期,40,40,40,40,47
3206,益田,32,島根県,急性期,296,296,296,296,214
3206,益田,32,島根県,回復期,203,203,203,203,179
3206,益田,32,島根県,慢性期,89,44,89,44,173
3207,隠岐,32,島根県,合計,181,137,185,137,135
3207,隠岐,32,島根県,高度急性期,0,0,0,0,8
3207,隠岐,32,島根県,急性期,36,93,137,93,39
3207,隠岐,32,島根県,回復期,145,44,48,44,50
3207,隠岐,32,島根県,慢性期,0,0,0,0,38
3301,県南東部,33,岡山県,合計,10723,10603,10756,10603,9478
3301,県南東部,33,岡山県,高度急性期,2189,2047,1977,2047,1187
3301,県南東部,33,岡山県,急性期,3853,3892,4043,3892,3335
3301,県南東部,33,岡山県,回復期,2083,2031,2169,2031,2927
3301,県南東部,33,岡山県,慢性期,2598,2633,2567,2633,2029
3302,県南西部,33,岡山県,合計,8064,7774,7840,7774,8237
3302,県南西部,33,岡山県,高度急性期,1780,1657,1706,1657,888
3302,県南西部,33,岡山県,急性期,2962,2919,2998,2919,2722
3302,県南西部,33,岡山県,回復期,1615,1522,1483,1522,2761
3302,県南西部,33,岡山県,慢性期,1707,1676,1653,1676,1866
3303,高梁・新見,33,岡山県,合計,657,641,657,641,466
3303,高梁・新見,33,岡山県,高度急性期,0,0,0,0,17
3303,高梁・新見,33,岡山県,急性期,218,271,218,271,123
3303,高梁・新見,33,岡山県,回復期,232,163,232,163,134
3303,高梁・新見,33,岡山県,慢性期,207,207,207,207,192
3304,真庭,33,岡山県,合計,484,484,484,484,463
3304,真庭,33,岡山県,高度急性期,0,0,0,0,25
3304,真庭,33,岡山県,急性期,128,128,128,128,157
3304,真庭,33,岡山県,回復期,260,260,260,260,175
3304,真庭,33,岡山県,慢性期,96,96,96,96,106
3305,津山・英田,33,岡山県,合計,1729,1781,1807,1781,1530
3305,津山・英田,33,岡山県,高度急性期,124,124,124,124,132
3305,津山・英田,33,岡山県,急性期,728,728,754,728,501
3305,津山・英田,33,岡山県,回復期,342,394,384,394,483
3305,津山・英田,33,岡山県,慢性期,535,535,545,535,414
3401,広島,34,広島県,合計,12277,12028,12144,12028,13063
3401,広島,34,広島県,高度急性期,2731,2695,2731,2695,1585
3401,広島,34,広島県,急性期,4170,4351,4151,4351,4242
3401,広島,34,広島県,回復期,2860,2661,2838,2661,4506
3401,広島,34,広島県,慢性期,2516,2321,2424,2321,2730
3402,広島西,34,広島県,合計,1936,1875,1936,1875,1559
3402,広島西,34,広島県,高度急性期,260,270,270,270,156
3402,広島西,34,広島県,急性期,533,523,509,523,410
3402,広島西,34,広島県,回復期,235,235,235,235,515
3402,広島西,34,広島県,慢性期,908,847,922,847,478
3403,呉,34,広島県,合計,2984,2981,3018,2981,2790
3403,呉,34,広島県,高度急性期,306,312,312,312,287
3403,呉,34,広島県,急性期,1203,1318,1356,1318,858
3403,呉,34,広島県,回復期,777,694,685,694,894
3403,呉,34,広島県,慢性期,698,657,665,657,751
3404,広島中央,34,広島県,合計,2388,2390,2390,2390,2141
3404,広島中央,34,広島県,高度急性期,238,238,238,238,122
3404,広島中央,34,広島県,急性期,625,609,625,609,672
3404,広島中央,34,広島県,回復期,669,639,669,639,678
3404,広島中央,34,広島県,慢性期,856,904,858,904,669
3405,尾三,34,広島県,合計,3001,2973,3046,2973,2864
3405,尾三,34,広島県,高度急性期,353,345,353,345,242
3405,尾三,34,広島県,急性期,1185,1144,1182,1144,905
3405,尾三,34,広島県,回復期,760,809,760,809,991
3405,尾三,34,広島県,慢性期,703,675,751,675,726
3406,福山・府中,34,広島県,合計,4850,4857,4874,4857,5031
3406,福山・府中,34,広島県,高度急性期,645,640,640,640,524
3406,福山・府中,34,広島県,急性期,2065,2145,2059,2145,1691
3406,福山・府中,34,広島県,回復期,1364,1331,1415,1331,1840
3406,福山・府中,34,広島県,慢性期,776,741,760,741,976
3407,備北,34,広島県,合計,1382,1364,1383,1364,1166
3407,備北,34,広島県,高度急性期,34,34,34,34,73
3407,備北,34,広島県,急性期,526,475,527,475,340
3407,備北,34,広島県,回復期,162,195,162,195,323
3407,備北,34,広島県,慢性期,660,660,660,660,430
3501,岩国,35,山口県,合計,1596,1443,1669,1443,1501
3501,岩国,35,山口県,高度急性期,266,266,266,266,131
3501,岩国,35,山口県,急性期,483,447,527,447,419
3501,岩国,35,山口県,回復期,196,212,194,212,446
3501,岩国,35,山口県,慢性期,651,518,682,518,505
3502,柳井,35,山口県,合計,1200,1161,1193,1161,1091
3502,柳井,35,山口県,高度急性期,0,0,0,0,49
3502,柳井,35,山口県,急性期,298,291,298,291,250
3502,柳井,35,山口県,回復期,231,139,224,139,229
3502,柳井,35,山口県,慢性期,671,731,671,731,563
3503,周南,35,山口県,合計,3004,2955,3136,2955,2547
3503,周南,35,山口県,高度急性期,554,463,393,463,223
3503,周南,35,山口県,急性期,824,754,842,754,745
3503,周南,35,山口県,回復期,693,644,783,644,842
3503,周南,35,山口県,慢性期,933,1094,1118,1094,737
3504,山口・防府,35,山口県,合計,3208,3267,3206,3267,3008
3504,山口・防府,35,山口県,高度急性期,505,499,493,499,275
3504,山口・防府,35,山口県,急性期,1146,1163,1171,1163,974
3504,山口・防府,35,山口県,回復期,821,671,716,671,899
3504,山口・防府,35,山口県,慢性期,736,934,826,934,860
3505,宇部・小野田,35,山口県,合計,4043,3960,4090,3960,3208
3505,宇部・小野田,35,山口県,高度急性期,448,388,492,388,328
3505,宇部・小野田,35,山口県,急性期,1680,1736,1735,1736,937
3505,宇部・小野田,35,山口県,回復期,684,573,696,573,879
3505,宇部・小野田,35,山口県,慢性期,1231,1263,1167,1263,1064
3506,下関,35,山口県,合計,3748,3728,3855,3728,3482
3506,下関,35,山口県,高度急性期,256,254,256,254,264
3506,下関,35,山口県,急性期,1237,1259,1302,1259,856
3506,下関,35,山口県,回復期,952,888,971,888,1067
3506,下関,35,山口県,慢性期,1303,1327,1326,1327,1295
3507,長門,35,山口県,合計,499,499,499,499,437
3507,長門,35,山口県,高度急性期,0,0,0,0,29
3507,長門,35,山口県,急性期,324,324,324,324,149
3507,長門,35,山口県,回復期,40,40,40,40,131
3507,長門,35,山口県,慢性期,135,135,135,135,128
3508,萩,35,山口県,合計,799,641,868,641,615
3508,萩,35,山口県,高度急性期,0,0,0,0,24
3508,萩,35,山口県,急性期,296,216,306,216,178
3508,萩,35,山口県,回復期,57,57,57,57,181
3508,萩,35,山口県,慢性期,446,368,505,368,232
3601,東部,36,徳島県,合計,7285,7226,7344,7226,6123
3601,東部,36,徳島県,高度急性期,538,530,796,530,492
3601,東部,36,徳島県,急性期,2569,2548,2267,2548,1605
3601,東部,36,徳島県,回復期,1574,1535,1644,1535,2080
3601,東部,36,徳島県,慢性期,2604,2613,2637,2613,1946
3603,南部,36,徳島県,合計,1792,1710,1822,1710,1863
3603,南部,36,徳島県,高度急性期,283,283,283,283,179
3603,南部,36,徳島県,急性期,509,418,530,418,514
3603,南部,36,徳島県,回復期,645,654,649,654,613
3603,南部,36,徳島県,慢性期,355,355,360,355,557
3605,西部,36,徳島県,合計,1004,961,1040,961,1008
3605,西部,36,徳島県,高度急性期,51,0,0,0,47
3605,西部,36,徳島県,急性期,303,344,344,344,274
3605,西部,36,徳島県,回復期,242,223,242,223,310
3605,西部,36,徳島県,慢性期,408,394,454,394,377
3702,小豆,37,香川県,合計,242,212,277,212,258
3702,小豆,37,香川県,高度急性期,0,0,0,0,0
3702,小豆,37,香川県,急性期,149,113,93,113,83
3702,小豆,37,香川県,回復期,15,60,75,60,102
3702,小豆,37,香川県,慢性期,78,39,109,39,73
3706,東部,37,香川県,合計,5683,5716,5772,5716,5251
3706,東部,37,香川県,高度急性期,881,848,861,848,607
3706,東部,37,香川県,急性期,2791,2911,2879,2911,1853
3706,東部,37,香川県,回復期,926,871,837,871,1698
3706,東部,37,香川県,慢性期,1085,1086,1195,1086,1093
3707,西部,37,香川県,合計,4922,5057,5039,5057,4603
3707,西部,37,香川県,高度急性期,126,126,128,126,439
3707,西部,37,香川県,急性期,2159,2077,2175,2077,1450
3707,西部,37,香川県,回復期,1099,1229,1148,1229,1596
3707,西部,37,香川県,慢性期,1538,1625,1588,1625,1118
3801,宇摩,38,愛媛県,合計,799,799,804,799,879
3801,宇摩,38,愛媛県,高度急性期,18,18,18,18,51
3801,宇摩,38,愛媛県,急性期,382,382,382,382,317
3801,宇摩,38,愛媛県,回復期,127,127,146,127,294
3801,宇摩,38,愛媛県,慢性期,272,272,258,272,217
3802,新居浜・西条,38,愛媛県,合計,2519,2601,2641,2601,2347
3802,新居浜・西条,38,愛媛県,高度急性期,50,50,50,50,196
3802,新居浜・西条,38,愛媛県,急性期,1309,1324,1416,1324,826
3802,新居浜・西条,38,愛媛県,回復期,451,495,433,495,677
3802,新居浜・西条,38,愛媛県,慢性期,709,732,742,732,648
3803,今治,38,愛媛県,合計,1832,1760,1970,1760,1939
3803,今治,38,愛媛県,高度急性期,26,26,26,26,119
3803,今治,38,愛媛県,急性期,1134,1149,1122,1149,682
3803,今治,38,愛媛県,回復期,231,233,262,233,708
3803,今治,38,愛媛県,慢性期,441,352,560,352,430
3804,松山,38,愛媛県,合計,8084,7951,7993,7951,6679
3804,松山,38,愛媛県,高度急性期,1032,1033,1036,1033,781
3804,松山,38,愛媛県,急性期,3491,3316,3458,3316,1995
3804,松山,38,愛媛県,回復期,1622,1540,1510,1540,2067
3804,松山,38,愛媛県,慢性期,1939,2062,1989,2062,1836
3805,八幡浜・大洲,38,愛媛県,合計,1535,1492,1546,1492,1681
3805,八幡浜・大洲,38,愛媛県,高度急性期,0,0,0,0,59
3805,八幡浜・大洲,38,愛媛県,急性期,724,778,818,778,486
3805,八幡浜・大洲,38,愛媛県,回復期,352,317,352,317,693
3805,八幡浜・大洲,38,愛媛県,慢性期,459,397,376,397,443
3806,宇和島,38,愛媛県,合計,1555,1523,1523,1523,1297
3806,宇和島,38,愛媛県,高度急性期,70,20,30,20,120
3806,宇和島,38,愛媛県,急性期,742,792,782,792,418
3806,宇和島,38,愛媛県,回復期,329,297,297,297,454
3806,宇和島,38,愛媛県,慢性期,414,414,414,414,305
3901,安芸,39,高知県,合計,609,561,561,561,629
3901,安芸,39,高知県,高度急性期,3,3,3,3,0
3901,安芸,39,高知県,急性期,214,214,214,214,199
3901,安芸,39,高知県,回復期,128,109,168,109,205
3901,安芸,39,高知県,慢性期,264,235,176,235,225
3902,中央,39,高知県,合計,10018,10116,10448,10116,8762
3902,中央,39,高知県,高度急性期,818,1048,991,1048,834
3902,中央,39,高知県,急性期,3482,3351,3770,3351,2065
3902,中央,39,高知県,回復期,1449,1549,1386,1549,2493
3902,中央,39,高知県,慢性期,4269,4168,4301,4168,3370
3903,高幡,39,高知県,合計,655,685,655,685,761
3903,高幡,39,高知県,高度急性期,0,0,0,0,0
3903,高幡,39,高知県,急性期,234,234,234,234,265
3903,高幡,39,高知県,回復期,209,209,209,209,227
3903,高幡,39,高知県,慢性期,212,242,212,242,269
3904,幡多,39,高知県,合計,1183,1162,1162,1162,1100
3904,幡多,39,高知県,高度急性期,6,6,6,6,6
3904,幡多,39,高知県,急性期,456,456,476,456,331
3904,幡多,39,高知県,回復期,259,238,218,238,361
3904,幡多,39,高知県,慢性期,462,462,462,462,402
4001,福岡・糸島,40,福岡県,合計,18526,18420,18679,18420,20976
4001,福岡・糸島,40,福岡県,高度急性期,4054,4014,4021,4014,2958
4001,福岡・糸島,40,福岡県,急性期,6548,6676,6725,6676,7751
4001,福岡・糸島,40,福岡県,回復期,3964,3760,3694,3760,6235
4001,福岡・糸島,40,福岡県,慢性期,3960,3970,4239,3970,4032
4002,粕屋,40,福岡県,合計,3189,3297,3212,3297,3406
4002,粕屋,40,福岡県,高度急性期,78,78,78,78,219
4002,粕屋,40,福岡県,急性期,1045,1076,1065,1076,777
4002,粕屋,40,福岡県,回復期,609,593,566,593,1333
4002,粕屋,40,福岡県,慢性期,1457,1550,1503,1550,1077
4003,宗像,40,福岡県,合計,1419,1340,1400,1340,1679
4003,宗像,40,福岡県,高度急性期,38,38,38,38,82
4003,宗像,40,福岡県,急性期,527,569,527,569,458
4003,宗像,40,福岡県,回復期,320,295,301,295,679
4003,宗像,40,福岡県,慢性期,534,438,534,438,460
4004,筑紫,40,福岡県,合計,3482,3465,3550,3465,4104
4004,筑紫,40,福岡県,高度急性期,423,376,376,376,409
4004,筑紫,40,福岡県,急性期,1498,1488,1527,1488,1274
4004,筑紫,40,福岡県,回復期,705,716,663,716,1499
4004,筑紫,40,福岡県,慢性期,856,885,984,885,922
4005,朝倉,40,福岡県,合計,954,954,1118,954,1190
4005,朝倉,40,福岡県,高度急性期,6,6,6,6,62
4005,朝倉,40,福岡県,急性期,338,338,342,338,364
4005,朝倉,40,福岡県,回復期,180,180,180,180,462
4005,朝倉,40,福岡県,慢性期,430,430,590,430,302
4006,久留米,40,福岡県,合計,7070,6918,6991,6918,6086
4006,久留米,40,福岡県,高度急性期,1178,1178,1178,1178,849
4006,久留米,40,福岡県,急性期,2786,2723,2755,2723,2095
4006,久留米,40,福岡県,回復期,1125,1052,1140,1052,1939
4006,久留米,40,福岡県,慢性期,1981,1965,1918,1965,1203
4007,八女・筑後,40,福岡県,合計,1885,1883,1936,1883,1808
4007,八女・筑後,40,福岡県,高度急性期,14,14,14,14,148
4007,八女・筑後,40,福岡県,急性期,786,784,828,784,668
4007,八女・筑後,40,福岡県,回復期,448,448,457,448,627
4007,八女・筑後,40,福岡県,慢性期,637,637,637,637,365
4008,有明,40,福岡県,合計,4096,4164,4246,4164,3463
4008,有明,40,福岡県,高度急性期,85,85,85,85,172
4008,有明,40,福岡県,急性期,1535,1514,1503,1514,812
4008,有明,40,福岡県,回復期,999,1004,1062,1004,1216
4008,有明,40,福岡県,慢性期,1477,1561,1596,1561,1263
4009,飯塚,40,福岡県,合計,2665,2639,2606,2639,2480
4009,飯塚,40,福岡県,高度急性期,123,121,117,121,304
4009,飯塚,40,福岡県,急性期,1301,1272,1329,1272,862
4009,飯塚,40,福岡県,回復期,821,804,759,804,661
4009,飯塚,40,福岡県,慢性期,420,442,401,442,653
4010,直方・鞍手,40,福岡県,合計,1109,1064,1079,1064,1194
4010,直方・鞍手,40,福岡県,高度急性期,0,0,0,0,51
4010,直方・鞍手,40,福岡県,急性期,475,505,505,505,294
4010,直方・鞍手,40,福岡県,回復期,418,373,388,373,471
4010,直方・鞍手,40,福岡県,慢性期,216,186,186,186,378
4011,田川,40,福岡県,合計,1418,1233,1301,1233,1126
4011,田川,40,福岡県,高度急性期,23,17,17,17,61
4011,田川,40,福岡県,急性期,688,664,650,664,290
4011,田川,40,福岡県,回復期,285,285,285,285,473
4011,田川,40,福岡県,慢性期,422,267,349,267,302
4012,北九州,40,福岡県,合計,15624,15236,15973,15236,16066
4012,北九州,40,福岡県,高度急性期,1717,1853,1801,1853,1883
4012,北九州,40,福岡県,急性期,6206,6160,6308,6160,5296
4012,北九州,40,福岡県,回復期,3055,2723,2918,2723,4825
4012,北九州,40,福岡県,慢性期,4646,4500,4946,4500,4062
4013,京築,40,福岡県,合計,1696,1617,1651,1617,1805
4013,京築,40,福岡県,高度急性期,14,82,14,82,119
4013,京築,40,福岡県,急性期,668,623,668,623,373
4013,京築,40,福岡県,回復期,252,192,252,192,703
4013,京築,40,福岡県,慢性期,762,720,717,720,610
4101,中部,41,佐賀県,合計,4698,4677,4774,4677,3825
4101,中部,41,佐賀県,高度急性期,127,127,133,127,372
4101,中部,41,佐賀県,急性期,2273,2236,2399,2236,1168
4101,中部,41,佐賀県,回復期,974,1058,991,1058,1430
4101,中部,41,佐賀県,慢性期,1324,1256,1251,1256,855
4102,東部,41,佐賀県,合計,1777,2075,1717,2075,1348
4102,東部,41,佐賀県,高度急性期,20,20,20,20,31
4102,東部,41,佐賀県,急性期,458,400,458,400,286
4102,東部,41,佐賀県,回復期,420,516,420,516,472
4102,東部,41,佐賀県,慢性期,879,1139,819,1139,559
4103,北部,41,佐賀県,合計,1437,1411,1566,1411,1185
4103,北部,41,佐賀県,高度急性期,16,16,16,16,101
4103,北部,41,佐賀県,急性期,727,710,727,710,378
4103,北部,41,佐賀県,回復期,285,229,264,229,269
4103,北部,41,佐賀県,慢性期,409,456,559,456,437
4104,西部,41,佐賀県,合計,852,843,852,843,719
4104,西部,41,佐賀県,高度急性期,0,0,0,0,32
4104,西部,41,佐賀県,急性期,397,388,397,388,171
4104,西部,41,佐賀県,回復期,189,189,189,189,244
4104,西部,41,佐賀県,慢性期,266,266,266,266,272
4105,南部,41,佐賀県,合計,2298,2299,2283,2299,2001
4105,南部,41,佐賀県,高度急性期,86,86,86,86,161
4105,南部,41,佐賀県,急性期,1103,1033,1102,1033,635
4105,南部,41,佐賀県,回復期,429,383,414,383,684
4105,南部,41,佐賀県,慢性期,680,797,681,797,521
4201,長崎,42,長崎県,合計,7241,6988,7386,6988,7401
4201,長崎,42,長崎県,高度急性期,810,804,902,804,651
4201,長崎,42,長崎県,急性期,2748,2632,2801,2632,2437
4201,長崎,42,長崎県,回復期,1569,1515,1572,1515,2537
4201,長崎,42,長崎県,慢性期,2114,2037,2111,2037,1776
4202,佐世保県北,42,長崎県,合計,4134,4139,4230,4139,3511
4202,佐世保県北,42,長崎県,高度急性期,302,298,307,298,319
4202,佐世保県北,42,長崎県,急性期,1841,1907,1939,1907,1086
4202,佐世保県北,42,長崎県,回復期,812,765,794,765,1242
4202,佐世保県北,42,長崎県,慢性期,1179,1169,1190,1169,864
4203,県央,42,長崎県,合計,3910,3872,3912,3872,3560
4203,県央,42,長崎県,高度急性期,294,294,294,294,359
4203,県央,42,長崎県,急性期,1451,1379,1451,1379,1063
4203,県央,42,長崎県,回復期,507,526,507,526,993
4203,県央,42,長崎県,慢性期,1658,1673,1660,1673,1145
4204,県南,42,長崎県,合計,1664,1618,1686,1618,1435
4204,県南,42,長崎県,高度急性期,8,8,8,8,96
4204,県南,42,長崎県,急性期,749,722,771,722,491
4204,県南,42,長崎県,回復期,420,420,420,420,475
4204,県南,42,長崎県,慢性期,487,468,487,468,373
4206,五島,42,長崎県,合計,460,442,460,442,337
4206,五島,42,長崎県,高度急性期,0,0,0,0,18
4206,五島,42,長崎県,急性期,194,244,194,244,116
4206,五島,42,長崎県,回復期,218,150,218,150,154
4206,五島,42,長崎県,慢性期,48,48,48,48,49
4207,上五島,42,長崎県,合計,190,190,154,190,130
4207,上五島,42,長崎県,高度急性期,0,0,0,0,0
4207,上五島,42,長崎県,急性期,140,140,104,140,51
4207,上五島,42,長崎県,回復期,50,50,50,50,54
4207,上五島,42,長崎県,慢性期,0,0,0,0,25
4208,壱岐,42,長崎県,合計,343,343,343,343,265
4208,壱岐,42,長崎県,高度急性期,0,0,0,0,0
4208,壱岐,42,長崎県,急性期,134,134,134,134,74
4208,壱岐,42,長崎県,回復期,83,83,83,83,94
4208,壱岐,42,長崎県,慢性期,126,126,126,126,97
4209,対馬,42,長崎県,合計,240,236,236,236,223
4209,対馬,42,長崎県,高度急性期,0,0,0,0,14
4209,対馬,42,長崎県,急性期,140,136,184,136,82
4209,対馬,42,長崎県,回復期,100,100,52,100,111
4209,対馬,42,長崎県,慢性期,0,0,0,0,16
4302,宇城,43,熊本県,合計,1086,1070,1086,1070,997
4302,宇城,43,熊本県,高度急性期,0,0,0,0,25
4302,宇城,43,熊本県,急性期,337,321,337,321,214
4302,宇城,43,熊本県,回復期,348,348,348,348,356
4302,宇城,43,熊本県,慢性期,401,401,401,401,402
4303,有明,43,熊本県,合計,1669,1625,1641,1625,1296
4303,有明,43,熊本県,高度急性期,38,38,20,38,83
4303,有明,43,熊本県,急性期,646,653,668,653,359
4303,有明,43,熊本県,回復期,402,361,361,361,399
4303,有明,43,熊本県,慢性期,583,573,592,573,455
4304,鹿本,43,熊本県,合計,710,617,674,617,486
4304,鹿本,43,熊本県,高度急性期,0,0,6,0,33
4304,鹿本,43,熊本県,急性期,334,315,334,315,147
4304,鹿本,43,熊本県,回復期,152,135,135,135,207
4304,鹿本,43,熊本県,慢性期,224,167,199,167,99
4305,菊池,43,熊本県,合計,2290,2264,2329,2264,1684
4305,菊池,43,熊本県,高度急性期,0,0,0,0,64
4305,菊池,43,熊本県,急性期,623,637,623,637,453
4305,菊池,43,熊本県,回復期,606,587,576,587,578
4305,菊池,43,熊本県,慢性期,1061,1040,1130,1040,589
4306,阿蘇,43,熊本県,合計,832,622,832,622,447
4306,阿蘇,43,熊本県,高度急性期,0,0,0,0,20
4306,阿蘇,43,熊本県,急性期,276,215,276,215,119
4306,阿蘇,43,熊本県,回復期,80,111,80,111,110
4306,阿蘇,43,熊本県,慢性期,476,296,476,296,198
4308,八代,43,熊本県,合計,1806,1705,1720,1705,1354
4308,八代,43,熊本県,高度急性期,111,111,111,111,113
4308,八代,43,熊本県,急性期,869,807,851,807,440
4308,八代,43,熊本県,回復期,432,389,378,389,419
4308,八代,43,熊本県,慢性期,394,398,380,398,382
4309,芦北,43,熊本県,合計,1057,1048,1069,1048,746
4309,芦北,43,熊本県,高度急性期,10,10,10,10,35
4309,芦北,43,熊本県,急性期,293,299,305,299,160
4309,芦北,43,熊本県,回復期,226,226,226,226,199
4309,芦北,43,熊本県,慢性期,528,513,528,513,352
4310,球磨,43,熊本県,合計,1098,1092,1103,1092,833
4310,球磨,43,熊本県,高度急性期,8,8,8,8,67
4310,球磨,43,熊本県,急性期,536,536,541,536,240
4310,球磨,43,熊本県,回復期,183,227,183,227,234
4310,球磨,43,熊本県,慢性期,371,321,371,321,292
4311,天草,43,熊本県,合計,2104,2086,2085,2086,1362
4311,天草,43,熊本県,高度急性期,8,8,8,8,59
4311,天草,43,熊本県,急性期,589,542,626,542,310
4311,天草,43,熊本県,回復期,418,376,358,376,316
4311,天草,43,熊本県,慢性期,1089,1160,1093,1160,677
4312,熊本・上益城,43,熊本県,合計,12757,12739,12865,12739,11819
4312,熊本・上益城,43,熊本県,高度急性期,2471,2471,2505,2471,1376
4312,熊本・上益城,43,熊本県,急性期,3610,3713,3719,3713,3565
4312,熊本・上益城,43,熊本県,回復期,3879,3265,3669,3265,4232
4312,熊本・上益城,43,熊本県,慢性期,2797,3290,2972,3290,2646
4401,東部,44,大分県,合計,3796,3736,3825,3736,3277
4401,東部,44,大分県,高度急性期,339,342,345,342,265
4401,東部,44,大分県,急性期,1650,1618,1648,1618,996
4401,東部,44,大分県,回復期,741,766,766,766,1223
4401,東部,44,大分県,慢性期,1066,1010,1066,1010,793
4403,中部,44,大分県,合計,7386,7021,7277,7021,7338
4403,中部,44,大分県,高度急性期,838,887,895,887,759
4403,中部,44,大分県,急性期,3766,3548,3714,3548,2545
4403,中部,44,大分県,回復期,1652,1453,1473,1453,2571
4403,中部,44,大分県,慢性期,1130,1133,1195,1133,1463
4405,南部,44,大分県,合計,1020,994,1107,994,940
4405,南部,44,大分県,高度急性期,0,0,0,0,60
4405,南部,44,大分県,急性期,696,657,701,657,305
4405,南部,44,大分県,回復期,258,224,306,224,447
4405,南部,44,大分県,慢性期,66,113,100,113,128
4406,豊肥,44,大分県,合計,837,748,945,748,608
4406,豊肥,44,大分県,高度急性期,0,0,0,0,33
4406,豊肥,44,大分県,急性期,448,465,520,465,177
4406,豊肥,44,大分県,回復期,265,206,348,206,223
4406,豊肥,44,大分県,慢性期,124,77,77,77,175
4408,西部,44,大分県,合計,1157,1105,1182,1105,810
4408,西部,44,大分県,高度急性期,8,8,8,8,55
4408,西部,44,大分県,急性期,503,463,564,463,245
4408,西部,44,大分県,回復期,471,481,435,481,369
4408,西部,44,大分県,慢性期,175,153,175,153,141
4409,北部,44,大分県,合計,2034,2028,2127,2028,1676
4409,北部,44,大分県,高度急性期,25,21,9,21,123
4409,北部,44,大分県,急性期,1075,1025,1093,1025,640
4409,北部,44,大分県,回復期,494,542,520,542,558
4409,北部,44,大分県,慢性期,440,440,505,440,355
4501,宮崎東諸県,45,宮崎県,合計,4990,4993,5002,4993,4446
4501,宮崎東諸県,45,宮崎県,高度急性期,669,672,672,672,558
4501,宮崎東諸県,45,宮崎県,急性期,2446,2381,2494,2381,1602
4501,宮崎東諸県,45,宮崎県,回復期,859,811,789,811,1324
4501,宮崎東諸県,45,宮崎県,慢性期,1016,1129,1047,1129,962
4502,都城北諸県,45,宮崎県,合計,2541,2517,2484,2517,1913
4502,都城北諸県,45,宮崎県,高度急性期,33,33,33,33,218
4502,都城北諸県,45,宮崎県,急性期,1783,1676,1726,1676,676
4502,都城北諸県,45,宮崎県,回復期,363,319,363,319,740
4502,都城北諸県,45,宮崎県,慢性期,362,489,362,489,279
4503,延岡西臼杵,45,宮崎県,合計,1779,1737,1768,1737,1357
4503,延岡西臼杵,45,宮崎県,高度急性期,108,117,117,117,108
4503,延岡西臼杵,45,宮崎県,急性期,972,976,1007,976,418
4503,延岡西臼杵,45,宮崎県,回復期,360,305,305,305,522
4503,延岡西臼杵,45,宮崎県,慢性期,339,339,339,339,309
4504,日南串間,45,宮崎県,合計,953,926,1029,926,879
4504,日南串間,45,宮崎県,高度急性期,4,4,4,4,37
4504,日南串間,45,宮崎県,急性期,381,381,491,381,165
4504,日南串間,45,宮崎県,回復期,110,112,112,112,270
4504,日南串間,45,宮崎県,慢性期,458,429,422,429,407
4505,西諸,45,宮崎県,合計,773,902,801,902,796
4505,西諸,45,宮崎県,高度急性期,0,0,0,0,27
4505,西諸,45,宮崎県,急性期,361,390,361,390,164
4505,西諸,45,宮崎県,回復期,207,238,219,238,399
4505,西諸,45,宮崎県,慢性期,205,274,221,274,206
4506,西都児湯,45,宮崎県,合計,1037,1073,977,1073,910
4506,西都児湯,45,宮崎県,高度急性期,0,0,0,0,18
4506,西都児湯,45,宮崎県,急性期,508,560,448,560,152
4506,西都児湯,45,宮崎県,回復期,96,69,96,69,416
4506,西都児湯,45,宮崎県,慢性期,433,444,433,444,324
4507,日向入郷,45,宮崎県,合計,824,820,811,820,747
4507,日向入郷,45,宮崎県,高度急性期,0,0,0,0,36
4507,日向入郷,45,宮崎県,急性期,428,464,445,464,181
4507,日向入郷,45,宮崎県,回復期,190,210,190,210,349
4507,日向入郷,45,宮崎県,慢性期,206,146,176,146,181
4601,鹿児島,46,鹿児島県,合計,11073,11129,10989,11129,8884
4601,鹿児島,46,鹿児島県,高度急性期,1603,1505,1711,1505,982
4601,鹿児島,46,鹿児島県,急性期,4068,4096,3864,4096,2778
4601,鹿児島,46,鹿児島県,回復期,2727,2852,2718,2852,2880
4601,鹿児島,46,鹿児島県,慢性期,2675,2676,2696,2676,2244
4603,南薩,46,鹿児島県,合計,2192,2139,2215,2139,1845
4603,南薩,46,鹿児島県,高度急性期,4,4,4,4,69
4603,南薩,46,鹿児島県,急性期,855,744,847,744,353
4603,南薩,46,鹿児島県,回復期,740,702,761,702,774
4603,南薩,46,鹿児島県,慢性期,593,689,603,689,649
4605,川薩,46,鹿児島県,合計,1526,1444,1454,1444,1356
4605,川薩,46,鹿児島県,高度急性期,6,6,6,6,77
4605,川薩,46,鹿児島県,急性期,753,702,707,702,422
4605,川薩,46,鹿児島県,回復期,309,310,307,310,499
4605,川薩,46,鹿児島県,慢性期,458,426,434,426,358
4606,出水,46,鹿児島県,合計,890,888,892,888,753
4606,出水,46,鹿児島県,高度急性期,6,6,6,6,53
4606,出水,46,鹿児島県,急性期,394,371,394,371,176
4606,出水,46,鹿児島県,回復期,252,260,254,260,297
4606,出水,46,鹿児島県,慢性期,238,251,238,251,227
4607,姶良・伊佐,46,鹿児島県,合計,3603,3524,3689,3524,2922
4607,姶良・伊佐,46,鹿児島県,高度急性期,10,10,10,10,125
4607,姶良・伊佐,46,鹿児島県,急性期,1420,1363,1431,1363,699
4607,姶良・伊佐,46,鹿児島県,回復期,816,782,817,782,1093
4607,姶良・伊佐,46,鹿児島県,慢性期,1357,1369,1431,1369,1005
4609,曽於,46,鹿児島県,合計,629,643,638,643,664
4609,曽於,46,鹿児島県,高度急性期,0,0,0,0,17
4609,曽於,46,鹿児島県,急性期,226,244,225,244,125
4609,曽於,46,鹿児島県,回復期,95,124,105,124,249
4609,曽於,46,鹿児島県,慢性期,308,275,308,275,273
4610,肝属,46,鹿児島県,合計,1772,1806,1810,1806,1730
4610,肝属,46,鹿児島県,高度急性期,60,98,56,98,114
4610,肝属,46,鹿児島県,急性期,901,873,945,873,450
4610,肝属,46,鹿児島県,回復期,511,492,466,492,570
4610,肝属,46,鹿児島県,慢性期,300,343,343,343,596
4611,熊毛,46,鹿児島県,合計,419,419,419,419,525
4611,熊毛,46,鹿児島県,高度急性期,45,47,0,47,25
4611,熊毛,46,鹿児島県,急性期,173,171,218,171,158
4611,熊毛,46,鹿児島県,回復期,151,107,107,107,214
4611,熊毛,46,鹿児島県,慢性期,50,94,94,94,128
4612,奄美,46,鹿児島県,合計,1649,1751,1722,1751,1265
4612,奄美,46,鹿児島県,高度急性期,18,18,18,18,78
4612,奄美,46,鹿児島県,急性期,871,984,865,984,373
4612,奄美,46,鹿児島県,回復期,303,311,322,311,472
4612,奄美,46,鹿児島県,慢性期,457,438,517,438,342
4701,北部,47,沖縄県,合計,1447,1344,1447,1344,1116
4701,北部,47,沖縄県,高度急性期,24,20,24,20,83
4701,北部,47,沖縄県,急性期,461,372,461,372,312
4701,北部,47,沖縄県,回復期,218,220,218,220,326
4701,北部,47,沖縄県,慢性期,744,732,744,732,395
4702,中部,47,沖縄県,合計,4144,4922,4189,4922,4992
4702,中部,47,沖縄県,高度急性期,215,997,215,997,561
4702,中部,47,沖縄県,急性期,1811,1598,1798,1598,1639
4702,中部,47,沖縄県,回復期,1171,1155,1127,1155,1691
4702,中部,47,沖縄県,慢性期,947,1172,1049,1172,1101
4703,南部,47,沖縄県,合計,6719,6573,6901,6573,8332
4703,南部,47,沖縄県,高度急性期,997,411,983,411,1111
4703,南部,47,沖縄県,急性期,3267,3182,3294,3182,3172
4703,南部,47,沖縄県,回復期,1088,1329,1177,1329,2350
4703,南部,47,沖縄県,慢性期,1367,1651,1447,1651,1699
4704,宮古,47,沖縄県,合計,620,601,621,601,414
4704,宮古,47,沖縄県,高度急性期,17,4,18,4,39
4704,宮古,47,沖縄県,急性期,285,250,285,250,150
4704,宮古,47,沖縄県,回復期,19,66,19,66,118
4704,宮古,47,沖縄県,慢性期,299,281,299,281,107
4705,八重山,47,沖縄県,合計,429,380,439,380,426
4705,八重山,47,沖縄県,高度急性期,23,23,23,23,37
4705,八重山,47,沖縄県,急性期,318,269,306,269,154
4705,八重山,47,沖縄県,回復期,44,44,66,44,189
4705,八重山,47,沖縄県,慢性期,44,44,44,44,46
