published_fy,pref_code,pref_name,area_code,area_name,population_2020,population_2020_source_value,population_2020_source_unit,area_2020_km2,outflow_rate,outflow_rate_source_value,inflow_rate,inflow_rate_source_value
R7,01,北海道,0101,南渡島,359223,35.9223,万人,2670.6,0.035,0.035,0.085,0.085
R7,01,北海道,0102,南檜山,21139,2.1139,万人,1423.38,0.5720000000000001,0.5720000000000001,0,0
R7,01,北海道,0103,北渡島檜山,33405,3.3405,万人,2473.77,0.439,0.439,0.062,0.062
R7,01,北海道,0104,札幌,2396732,239.6732,万人,3540.16,0.012,0.012,0.11699999999999999,0.11699999999999999
R7,01,北海道,0105,後志,198888,19.8888,万人,4305.88,0.301,0.301,0.06,0.06
R7,01,北海道,0106,南空知,152486,15.2486,万人,2562.25,0.366,0.366,0.141,0.141
R7,01,北海道,0107,中空知,99784,9.9784,万人,2162.07,0.243,0.243,0.09699999999999999,0.09699999999999999
R7,01,北海道,0108,北空知,29694,2.9694,万人,1067.29,0.444,0.444,0.061,0.061
R7,01,北海道,0109,西胆振,176606,17.6606,万人,1356.69,0.085,0.085,0.08199999999999999,0.08199999999999999
R7,01,北海道,0110,東胆振,205748,20.5748,万人,2340.34,0.217,0.217,0.124,0.124
R7,01,北海道,0111,日高,63372,6.3372,万人,4811.12,0.45299999999999996,0.45299999999999996,0.023,0.023
R7,01,北海道,0112,上川中部,381296,38.1296,万人,4238.1,0.032,0.032,0.165,0.165
R7,01,北海道,0113,上川北部,60763,6.0763,万人,4197.18,0.273,0.273,0.168,0.168
R7,01,北海道,0114,富良野,39894,3.9894,万人,2183.41,0.341,0.341,0.037000000000000005,0.037000000000000005
R7,01,北海道,0115,留萌,43050,4.305,万人,3445.89,0.535,0.535,0.027000000000000003,0.027000000000000003
R7,01,北海道,0116,宗谷,62140,6.214,万人,4626.07,0.435,0.435,0.044000000000000004,0.044000000000000004
R7,01,北海道,0117,北網,208460,20.846,万人,5542.28,0.09,0.09,0.092,0.092
R7,01,北海道,0118,遠紋,64902,6.4902,万人,5148.25,0.39899999999999997,0.39899999999999997,0,0
R7,01,北海道,0119,十勝,332648,33.2648,万人,10828.04,0.040999999999999995,0.040999999999999995,0.021,0.021
R7,01,北海道,0120,釧路,222613,22.2613,万人,5997.08,0.036000000000000004,0.036000000000000004,0.11800000000000001,0.11800000000000001
R7,01,北海道,0121,根室,71771,7.1771,万人,3533.16,0.462,0.462,0.009000000000000001,0.009000000000000001
R7,02,青森県,0201,津軽地域,275508,27.5508,万人,1598.23,0.044000000000000004,0.044000000000000004,0.207,0.207
R7,02,青森県,0202,八戸地域,310282,31.0282,万人,1346.86,0.096,0.096,0.155,0.155
R7,02,青森県,0203,青森地域,295593,29.5593,万人,1478.1,0.07,0.07,0.163,0.163
R7,02,青森県,0204,西北五地域,120470,12.047,万人,1752.5,0.39299999999999996,0.39299999999999996,0.015,0.015
R7,02,青森県,0205,上十三地域,167931,16.7931,万人,2053.88,0.28300000000000003,0.28300000000000003,0.083,0.083
R7,02,青森県,0206,下北地域,68200,6.82,万人,1416.08,0.29600000000000004,0.29600000000000004,0.04,0.04
R7,03,岩手県,0301,盛岡,463186,46.3186,万人,3641.77,0.040999999999999995,0.040999999999999995,0.24600000000000002,0.24600000000000002
R7,03,岩手県,0302,岩手中部,216738,21.6738,万人,2762.65,0.24100000000000002,0.24100000000000002,0.10400000000000001,0.10400000000000001
R7,03,岩手県,0303,胆江,128472,12.8472,万人,1173.06,0.223,0.223,0.133,0.133
R7,03,岩手県,0304,両磐,119184,11.9184,万人,1319.81,0.22899999999999998,0.22899999999999998,0.161,0.161
R7,03,岩手県,0305,気仙,58035,5.8035,万人,889.29,0.387,0.387,0.09300000000000001,0.09300000000000001
R7,03,岩手県,0306,釜石,43082,4.3082,万人,640.76,0.195,0.195,0.187,0.187
R7,03,岩手県,0307,宮古,76474,7.6474,万人,2670.51,0.451,0.451,0.034,0.034
R7,03,岩手県,0308,久慈,54557,5.4557,万人,1076.88,0.255,0.255,0.096,0.096
R7,03,岩手県,0309,二戸,50806,5.0806,万人,1100.29,0.331,0.331,0.10099999999999999,0.10099999999999999
R7,04,宮城県,0401,仙南,166529,16.6529,万人,1551.4,0.47700000000000004,0.47700000000000004,0.076,0.076
R7,04,宮城県,0403,仙台,1540389,154.0389,万人,1648.79,0.019,0.019,0.177,0.177
R7,04,宮城県,0406,大崎・栗原,259990,25.999,万人,2328.79,0.247,0.247,0.064,0.064
R7,04,宮城県,0409,石巻・登米・気仙沼,335088,33.5088,万人,1753.25,0.226,0.226,0.047,0.047
R7,05,秋田県,0501,大館・鹿角,103105,10.3105,万人,1822.44,0.195,0.195,0.08199999999999999,0.08199999999999999
R7,05,秋田県,0502,北秋田,32261,3.2261,万人,1409.48,0.424,0.424,0.045,0.045
R7,05,秋田県,0503,能代・山本,74695,7.4695,万人,1191.2,0.13699999999999998,0.13699999999999998,0.11599999999999999,0.11599999999999999
R7,05,秋田県,0504,秋田周辺,386244,38.6244,万人,1694.86,0.05,0.05,0.076,0.076
R7,05,秋田県,0505,由利本荘・にかほ,98142,9.8142,万人,1450.72,0.059000000000000004,0.059000000000000004,0.196,0.196
R7,05,秋田県,0506,大仙・仙北,120880,12.088,万人,2128.67,0.21,0.21,0.09,0.09
R7,05,秋田県,0507,横手,85555,8.5555,万人,692.8,0.129,0.129,0.225,0.225
R7,05,秋田県,0508,湯沢・雄勝,58620,5.862,万人,1225.38,0.377,0.377,0.05,0.05
R7,06,山形県,0601,村山,531855,53.1855,万人,2619.39,0.024,0.024,0.113,0.113
R7,06,山形県,0602,最上,70922,7.0922,万人,1803.23,0.447,0.447,0.016,0.016
R7,06,山形県,0603,置賜,201846,20.1846,万人,2495.24,0.16399999999999998,0.16399999999999998,0.062,0.062
R7,06,山形県,0604,庄内,263404,26.3404,万人,2405.28,0.08199999999999999,0.08199999999999999,0.022000000000000002,0.022000000000000002
R7,07,福島県,0701,県北,465894,46.5894,万人,1753.34,0.08900000000000001,0.08900000000000001,0.133,0.133
R7,07,福島県,0702,県中,519577,51.9577,万人,2406.24,0.095,0.095,0.161,0.161
R7,07,福島県,0703,県南,138770,13.877,万人,1233.08,0.32,0.32,0.172,0.172
R7,07,福島県,0706,相双,119577,11.9577,万人,1738.91,0.48700000000000004,0.48700000000000004,0.063,0.063
R7,07,福島県,0707,いわき,332931,33.2931,万人,1232.02,0.09300000000000001,0.09300000000000001,0.094,0.094
R7,07,福島県,0708,会津・南会津,256403,25.6403,万人,5420.31,0.115,0.115,0.051,0.051
R7,08,茨城県,0801,水戸,457941,45.7941,万人,909.58,0.156,0.156,0.377,0.377
R7,08,茨城県,0802,日立,244008,24.4008,万人,606.16,0.21,0.21,0.077,0.077
R7,08,茨城県,0803,常陸太田・ひたちなか,351579,35.1579,万人,1281.98,0.473,0.473,0.157,0.157
R7,08,茨城県,0804,鹿行,268146,26.8146,万人,754.49,0.518,0.518,0.053,0.053
R7,08,茨城県,0805,土浦,255222,25.5222,万人,495.02,0.397,0.397,0.451,0.451
R7,08,茨城県,0806,つくば,352362,35.2362,万人,486.52,0.319,0.319,0.505,0.505
R7,08,茨城県,0807,取手・竜ヶ崎,459781,45.9781,万人,656.14,0.306,0.306,0.281,0.281
R7,08,茨城県,0808,筑西・下妻,254067,25.4067,万人,590.99,0.505,0.505,0.155,0.155
R7,08,茨城県,0809,古河・坂東,223903,22.3903,万人,316.31,0.34,0.34,0.255,0.255
R7,09,栃木県,0901,県北,366604,36.6604,万人,2229.59,0.251,0.251,0.084,0.084
R7,09,栃木県,0902,県西,171694,17.1694,万人,1940.47,0.429,0.429,0.10800000000000001,0.10800000000000001
R7,09,栃木県,0903,宇都宮,518757,51.8757,万人,416.85,0.215,0.215,0.316,0.316
R7,09,栃木県,0904,県東,138202,13.8202,万人,563.84,0.392,0.392,0.08199999999999999,0.08199999999999999
R7,09,栃木県,0905,県南,476915,47.6915,万人,723.56,0.22399999999999998,0.22399999999999998,0.478,0.478
R7,09,栃木県,0906,両毛,260974,26.0974,万人,533.8,0.21100000000000002,0.21100000000000002,0.259,0.259
R7,10,群馬県,1001,前橋,332149,33.2149,万人,311.59,0.17,0.17,0.42700000000000005,0.42700000000000005
R7,10,群馬県,1002,渋川,110589,11.0589,万人,288.65,0.268,0.268,0.34600000000000003,0.34600000000000003
R7,10,群馬県,1003,伊勢崎,247904,24.7904,万人,165.22,0.27,0.27,0.276,0.276
R7,10,群馬県,1004,高崎・安中,427880,42.788,万人,735.47,0.282,0.282,0.218,0.218
R7,10,群馬県,1005,藤岡,66034,6.6034,万人,476.74,0.258,0.258,0.469,0.469
R7,10,群馬県,1006,富岡,68124,6.8124,万人,488.67,0.374,0.374,0.248,0.248
R7,10,群馬県,1007,吾妻,51619,5.1619,万人,1278.55,0.429,0.429,0.109,0.109
R7,10,群馬県,1008,沼田,76958,7.6958,万人,1765.69,0.244,0.244,0.18899999999999997,0.18899999999999997
R7,10,群馬県,1009,桐生,156093,15.6093,万人,482.87,0.22699999999999998,0.22699999999999998,0.19,0.19
R7,10,群馬県,1010,太田・館林,401760,40.176,万人,368.88,0.28600000000000003,0.28600000000000003,0.158,0.158
R7,11,埼玉県,1101,南部,809456,80.9456,万人,85.25,0.341,0.341,0.214,0.214
R7,11,埼玉県,1102,南西部,730325,73.0325,万人,110.95,0.33,0.33,0.233,0.233
R7,11,埼玉県,1103,東部,1155470,115.547,万人,249.71,0.284,0.284,0.171,0.171
R7,11,埼玉県,1104,さいたま,1324025,132.4025,万人,217.44,0.28800000000000003,0.28800000000000003,0.23800000000000002,0.23800000000000002
R7,11,埼玉県,1105,県央,528558,52.8558,万人,172.91,0.405,0.405,0.341,0.341
R7,11,埼玉県,1106,川越比企,793673,79.3673,万人,626.53,0.27,0.27,0.317,0.317
R7,11,埼玉県,1107,西部,771746,77.1746,万人,406.32,0.27399999999999997,0.27399999999999997,0.313,0.313
R7,11,埼玉県,1108,利根,635455,63.5455,万人,473.95,0.34700000000000003,0.34700000000000003,0.27399999999999997,0.27399999999999997
R7,11,埼玉県,1109,北部,501367,50.1367,万人,562.12,0.307,0.307,0.172,0.172
R7,11,埼玉県,1110,秩父,94690,9.469,万人,892.62,0.374,0.374,0.006,0.006
R7,12,千葉県,1201,千葉,974951,97.4951,万人,271.77,0.272,0.272,0.406,0.406
R7,12,千葉県,1202,東葛南部,1796572,179.6572,万人,253.81,0.271,0.271,0.184,0.184
R7,12,千葉県,1203,東葛北部,1407697,140.7697,万人,358.14,0.163,0.163,0.193,0.193
R7,12,千葉県,1204,印旛,718337,71.8337,万人,691.66,0.23399999999999999,0.23399999999999999,0.289,0.289
R7,12,千葉県,1205,香取海匝,262351,26.2351,万人,717.47,0.20800000000000002,0.20800000000000002,0.22399999999999998,0.22399999999999998
R7,12,千葉県,1206,山武長生夷隅,410235,41.0235,万人,1161.75,0.45899999999999996,0.45899999999999996,0.076,0.076
R7,12,千葉県,1207,安房,120093,12.0093,万人,576.5,0.05,0.05,0.373,0.373
R7,12,千葉県,1208,君津,324720,32.472,万人,758.22,0.273,0.273,0.071,0.071
R7,12,千葉県,1209,市原,269524,26.9524,万人,368.17,0.306,0.306,0.27899999999999997,0.27899999999999997
R7,13,東京都,1301,区中央部,947858,94.7858,万人,63.64,0.299,0.299,0.733,0.733
R7,13,東京都,1302,区南部,1170569,117.0569,万人,83.67,0.239,0.239,0.16899999999999998,0.16899999999999998
R7,13,東京都,1303,区西南部,1475635,147.5635,万人,87.83,0.40399999999999997,0.40399999999999997,0.385,0.385
R7,13,東京都,1304,区西部,1285373,128.5373,万人,67.87,0.314,0.314,0.465,0.465
R7,13,東京都,1305,区西北部,1993903,199.3903,万人,113.92,0.324,0.324,0.226,0.226
R7,13,東京都,1306,区東北部,1365611,136.5611,万人,98.21,0.354,0.354,0.226,0.226
R7,13,東京都,1307,区東部,1494327,149.4327,万人,103.83,0.402,0.402,0.3,0.3
R7,13,東京都,1308,西多摩,379043,37.9043,万人,572.7,0.406,0.406,0.096,0.096
R7,13,東京都,1309,南多摩,1440971,144.0971,万人,324.46,0.345,0.345,0.215,0.215
R7,13,東京都,1310,北多摩西部,658632,65.8632,万人,90.05,0.35200000000000004,0.35200000000000004,0.341,0.341
R7,13,東京都,1311,北多摩南部,1061790,106.179,万人,96.1,0.382,0.382,0.49700000000000005,0.49700000000000005
R7,13,東京都,1312,北多摩北部,749421,74.9421,万人,76.51,0.34700000000000003,0.34700000000000003,0.33299999999999996,0.33299999999999996
R7,13,東京都,1313,島しょ,24461,2.4461,万人,401.77,0.893,0.893,0,0
R7,14,神奈川県,1404,川崎北部,870495,87.0495,万人,78.72,0.35200000000000004,0.35200000000000004,0.336,0.336
R7,14,神奈川県,1405,川崎南部,667767,66.7767,万人,64.28,0.25,0.25,0.297,0.297
R7,14,神奈川県,1406,横須賀・三浦,691582,69.1582,万人,206.86,0.228,0.228,0.203,0.203
R7,14,神奈川県,1407,湘南東部,727642,72.7642,万人,118.61,0.244,0.244,0.21899999999999997,0.21899999999999997
R7,14,神奈川県,1408,湘南西部,581839,58.1839,万人,253.4,0.217,0.217,0.271,0.271
R7,14,神奈川県,1409,県央,858535,85.8535,万人,292.75,0.322,0.322,0.231,0.231
R7,14,神奈川県,1410,相模原,725493,72.5493,万人,328.91,0.25,0.25,0.266,0.266
R7,14,神奈川県,1411,県西,336493,33.6493,万人,635.09,0.264,0.264,0.11900000000000001,0.11900000000000001
R7,14,神奈川県,1412,横浜,3777491,377.7491,万人,437.55,0.154,0.154,0.14300000000000002,0.14300000000000002
R7,15,新潟県,1501,下越,200610,20.061,万人,2319.22,0.19399999999999998,0.19399999999999998,0.136,0.136
R7,15,新潟県,1502,新潟,887561,88.7561,万人,2223.98,0.040999999999999995,0.040999999999999995,0.12,0.12
R7,15,新潟県,1503,県央,216216,21.6216,万人,733.53,0.382,0.382,0.09,0.09
R7,15,新潟県,1504,中越,430288,43.0288,万人,1636.84,0.051,0.051,0.16399999999999998,0.16399999999999998
R7,15,新潟県,1505,魚沼,155910,15.591,万人,2649.2,0.27,0.27,0.035,0.035
R7,15,新潟県,1506,上越,259195,25.9195,万人,2165.68,0.08,0.08,0.02,0.02
R7,15,新潟県,1507,佐渡,51492,5.1492,万人,855.66,0.242,0.242,0.015,0.015
R7,16,富山県,1601,新川,115093,11.5093,万人,924.47,0.21100000000000002,0.21100000000000002,0.053,0.053
R7,16,富山県,1602,富山,493562,49.3562,万人,1843.87,0.034,0.034,0.161,0.161
R7,16,富山県,1603,高岡,301085,30.1085,万人,549.56,0.174,0.174,0.077,0.077
R7,16,富山県,1604,砺波,125074,12.5074,万人,929.74,0.261,0.261,0.13,0.13
R7,17,石川県,1701,南加賀,224094,22.4094,万人,775.7,0.222,0.222,0.081,0.081
R7,17,石川県,1702,石川中央,729320,72.932,万人,1432.49,0.027000000000000003,0.027000000000000003,0.158,0.158
R7,17,石川県,1703,能登中部,117998,11.7998,万人,847.87,0.22,0.22,0.14400000000000002,0.14400000000000002
R7,17,石川県,1704,能登北部,61114,6.1114,万人,1130.0,0.522,0.522,0.015,0.015
R7,18,福井県,1801,福井・坂井,397298,39.7298,万人,957.49,0.017,0.017,0.253,0.253
R7,18,福井県,1802,奥越,53436,5.3436,万人,1126.31,0.436,0.436,0.016,0.016
R7,18,福井県,1803,丹南,181456,18.1456,万人,1006.78,0.36,0.36,0.016,0.016
R7,18,福井県,1804,嶺南,134673,13.4673,万人,1099.95,0.322,0.322,0.011000000000000001,0.011000000000000001
R7,19,山梨県,1901,中北,459608,45.9608,万人,1335.5,0.131,0.131,0.22699999999999998,0.22699999999999998
R7,19,山梨県,1902,峡東,129619,12.9619,万人,755.83,0.287,0.287,0.308,0.308
R7,19,山梨県,1903,峡南,47836,4.7836,万人,1059.99,0.545,0.545,0.193,0.193
R7,19,山梨県,1904,富士・東部,172911,17.2911,万人,1309.25,0.361,0.361,0.040999999999999995,0.040999999999999995
R7,20,長野県,2001,佐久,204416,20.4416,万人,1571.17,0.10300000000000001,0.10300000000000001,0.18,0.18
R7,20,長野県,2002,上小,193898,19.3898,万人,905.37,0.27,0.27,0.052000000000000005,0.052000000000000005
R7,20,長野県,2003,諏訪,193838,19.3838,万人,715.75,0.09699999999999999,0.09699999999999999,0.18899999999999997,0.18899999999999997
R7,20,長野県,2004,上伊那,179892,17.9892,万人,1348.4,0.353,0.353,0.07200000000000001,0.07200000000000001
R7,20,長野県,2005,飯伊,155346,15.5346,万人,1928.91,0.106,0.106,0.067,0.067
R7,20,長野県,2006,木曽,25476,2.5476,万人,1546.17,0.48700000000000004,0.48700000000000004,0.05,0.05
R7,20,長野県,2007,松本,423668,42.3668,万人,1868.73,0.054000000000000006,0.054000000000000006,0.204,0.204
R7,20,長野県,2008,大北,56232,5.6232,万人,1109.65,0.406,0.406,0.068,0.068
R7,20,長野県,2009,長野,532702,53.2702,万人,1558.0,0.053,0.053,0.10400000000000001,0.10400000000000001
R7,20,長野県,2010,北信,82543,8.2543,万人,1009.45,0.231,0.231,0.071,0.071
R7,21,岐阜県,2101,岐阜,793551,79.3551,万人,993.28,0.076,0.076,0.18,0.18
R7,21,岐阜県,2102,西濃,358439,35.8439,万人,1432.97,0.248,0.248,0.09300000000000001,0.09300000000000001
R7,21,岐阜県,2103,中濃,364282,36.4282,万人,2454.26,0.24100000000000002,0.24100000000000002,0.131,0.131
R7,21,岐阜県,2104,東濃,323574,32.3574,万人,1562.82,0.21600000000000003,0.21600000000000003,0.07200000000000001,0.07200000000000001
R7,21,岐阜県,2105,飛騨,138896,13.8896,万人,4177.99,0.23199999999999998,0.23199999999999998,0.047,0.047
R7,22,静岡県,2201,賀茂,59546,5.9546,万人,583.55,0.341,0.341,0.10400000000000001,0.10400000000000001
R7,22,静岡県,2202,熱海伊東,99699,9.9699,万人,185.88,0.35200000000000004,0.35200000000000004,0.21600000000000003,0.21600000000000003
R7,22,静岡県,2203,駿東田方,640096,64.0096,万人,1276.93,0.057,0.057,0.214,0.214
R7,22,静岡県,2204,富士,373497,37.3497,万人,634.03,0.254,0.254,0.079,0.079
R7,22,静岡県,2205,静岡,693389,69.3389,万人,1411.9,0.054000000000000006,0.054000000000000006,0.17800000000000002,0.17800000000000002
R7,22,静岡県,2206,志太榛原,452533,45.2533,万人,1209.37,0.172,0.172,0.043,0.043
R7,22,静岡県,2207,中東遠,465839,46.5839,万人,831.13,0.276,0.276,0.042,0.042
R7,22,静岡県,2208,西部,848603,84.8603,万人,1644.62,0.032,0.032,0.151,0.151
R7,23,愛知県,2302,海部,325234,32.5234,万人,208.38,0.428,0.428,0.17800000000000002,0.17800000000000002
R7,23,愛知県,2304,尾張東部,475816,47.5816,万人,230.14,0.308,0.308,0.569,0.569
R7,23,愛知県,2305,尾張西部,514824,51.4824,万人,193.17,0.158,0.158,0.184,0.184
R7,23,愛知県,2306,尾張北部,735278,73.5278,万人,295.96,0.252,0.252,0.19899999999999998,0.19899999999999998
R7,23,愛知県,2307,知多半島,628495,62.8495,万人,392.2,0.361,0.361,0.07200000000000001,0.07200000000000001
R7,23,愛知県,2308,西三河北部,484282,48.4282,万人,950.51,0.191,0.191,0.11900000000000001,0.11900000000000001
R7,23,愛知県,2309,西三河南部西,701627,70.1627,万人,363.76,0.16699999999999998,0.16699999999999998,0.19699999999999998,0.19699999999999998
R7,23,愛知県,2310,西三河南部東,427103,42.7103,万人,443.92,0.257,0.257,0.106,0.106
R7,23,愛知県,2311,東三河北部,52751,5.2751,万人,1052.43,0.675,0.675,0.055,0.055
R7,23,愛知県,2312,東三河南部,695479,69.5479,万人,671.04,0.091,0.091,0.11800000000000001,0.11800000000000001
R7,23,愛知県,2313,名古屋・尾張中部,2501526,250.1526,万人,368.36,0.146,0.146,0.214,0.214
R7,24,三重県,2405,桑員,215393,21.5393,万人,394.93,,XXX,,XXX
R7,24,三重県,2406,三泗,372127,37.2127,万人,328.17,,XXX,,XXX
R7,24,三重県,2407,鈴亀,245505,24.5505,万人,385.5,,XXX,,XXX
R7,24,三重県,2408,津,274537,27.4537,万人,711.19,,XXX,,XXX
R7,24,三重県,2409,伊賀,165153,16.5153,万人,688.0,,XXX,,XXX
R7,24,三重県,2410,松阪,212094,21.2094,万人,1363.86,,XXX,,XXX
R7,24,三重県,2411,伊勢志摩,220224,22.0224,万人,912.42,,XXX,,XXX
R7,24,三重県,2412,東紀州,65221,6.5221,万人,990.34,,XXX,,XXX
R7,25,滋賀県,2501,大津,345070,34.507,万人,464.51,0.299,0.299,0.33799999999999997,0.33799999999999997
R7,25,滋賀県,2502,湖南,346482,34.6482,万人,256.39,0.21600000000000003,0.21600000000000003,0.344,0.344
R7,25,滋賀県,2503,甲賀,142818,14.2818,万人,552.02,0.326,0.326,0.19699999999999998,0.19699999999999998
R7,25,滋賀県,2504,東近江,226694,22.6694,万人,727.97,0.285,0.285,0.151,0.151
R7,25,滋賀県,2505,湖東,155308,15.5308,万人,392.04,0.265,0.265,0.15,0.15
R7,25,滋賀県,2506,湖北,150861,15.0861,万人,931.41,0.249,0.249,0.096,0.096
R7,25,滋賀県,2507,湖西,46377,4.6377,万人,693.05,0.335,0.335,0.092,0.092
R7,26,京都府,2601,丹後,89638,8.9638,万人,844.5,0.16699999999999998,0.16699999999999998,0.071,0.071
R7,26,京都府,2602,中丹,189488,18.9488,万人,1241.77,0.126,0.126,0.11800000000000001,0.11800000000000001
R7,26,京都府,2603,南丹,130710,13.071,万人,1144.29,0.259,0.259,0.08199999999999999,0.08199999999999999
R7,26,京都府,2604,京都・乙訓,1617143,161.7143,万人,860.69,0.077,0.077,0.139,0.139
R7,26,京都府,2605,山城北,429990,42.999,万人,257.58,0.276,0.276,0.265,0.265
R7,26,京都府,2606,山城南,121118,12.1118,万人,263.37,0.469,0.469,0.284,0.284
R7,27,大阪府,2701,豊能,1056344,105.6344,万人,275.61,0.272,0.272,0.301,0.301
R7,27,大阪府,2702,三島,758811,75.8811,万人,213.46,0.235,0.235,0.218,0.218
R7,27,大阪府,2703,北河内,1139459,113.9459,万人,177.34,0.19899999999999998,0.19899999999999998,0.156,0.156
R7,27,大阪府,2704,中河内,827357,82.7357,万人,128.83,0.40700000000000003,0.40700000000000003,0.168,0.168
R7,27,大阪府,2705,南河内,592506,59.2506,万人,290.0,0.26,0.26,0.294,0.294
R7,27,大阪府,2706,堺市,826161,82.6161,万人,149.83,0.243,0.243,0.21100000000000002,0.21100000000000002
R7,27,大阪府,2707,泉州,884635,88.4635,万人,444.87,0.20600000000000002,0.20600000000000002,0.085,0.085
R7,27,大阪府,2708,大阪市,2752412,275.2412,万人,225.24,0.131,0.131,0.248,0.248
R7,28,兵庫県,2801,神戸,1525152,152.5152,万人,557.03,0.14300000000000002,0.14300000000000002,0.17300000000000001,0.17300000000000001
R7,28,兵庫県,2804,東播磨,716073,71.6073,万人,266.33,0.247,0.247,0.214,0.214
R7,28,兵庫県,2805,北播磨,264135,26.4135,万人,895.61,0.204,0.204,0.278,0.278
R7,28,兵庫県,2808,但馬,157989,15.7989,万人,2133.3,0.308,0.308,0.081,0.081
R7,28,兵庫県,2809,丹波,101082,10.1082,万人,870.8,0.382,0.382,0.11199999999999999,0.11199999999999999
R7,28,兵庫県,2810,淡路,127340,12.734,万人,595.71,0.183,0.183,0.038,0.038
R7,28,兵庫県,2811,阪神,1754911,175.4911,万人,650.04,0.152,0.152,0.16,0.16
R7,28,兵庫県,2812,播磨姫路,818320,81.832,万人,2432.14,0.107,0.107,0.081,0.081
R7,29,奈良県,2901,奈良,354630,35.463,万人,276.94,0.268,0.268,0.364,0.364
R7,29,奈良県,2902,東和,198650,19.865,万人,657.77,0.359,0.359,0.451,0.451
R7,29,奈良県,2903,西和,338775,33.8775,万人,168.49,0.382,0.382,0.32,0.32
R7,29,奈良県,2904,中和,367425,36.7425,万人,240.79,0.295,0.295,0.285,0.285
R7,29,奈良県,2905,南和,64993,6.4993,万人,2346.92,0.501,0.501,0.156,0.156
R7,30,和歌山県,3001,和歌山,413354,41.3354,万人,438.24,0.061,0.061,0.22899999999999998,0.22899999999999998
R7,30,和歌山県,3002,那賀,112783,11.2783,万人,266.72,0.486,0.486,0.302,0.302
R7,30,和歌山県,3003,橋本,83611,8.3611,万人,463.42,0.28600000000000003,0.28600000000000003,0.168,0.168
R7,30,和歌山県,3004,有田,69699,6.9699,万人,474.79,0.424,0.424,0.027000000000000003,0.027000000000000003
R7,30,和歌山県,3005,御坊,60324,6.0324,万人,579.02,0.155,0.155,0.304,0.304
R7,30,和歌山県,3006,田辺,120871,12.0871,万人,1579.99,0.157,0.157,0.111,0.111
R7,30,和歌山県,3007,新宮,61942,6.1942,万人,922.45,0.255,0.255,0.233,0.233
R7,31,鳥取県,3101,東部,224492,22.4492,万人,1518.22,0.04,0.04,0.092,0.092
R7,31,鳥取県,3102,中部,99193,9.9193,万人,780.43,0.158,0.158,0.054000000000000006,0.054000000000000006
R7,31,鳥取県,3103,西部,229722,22.9722,万人,1208.48,0.036000000000000004,0.036000000000000004,0.191,0.191
R7,32,島根県,3201,松江,240678,24.0678,万人,993.92,0.134,0.134,0.08,0.08
R7,32,島根県,3202,雲南,52433,5.2433,万人,1164.07,0.44799999999999995,0.44799999999999995,0.016,0.016
R7,32,島根県,3203,出雲,172775,17.2775,万人,624.36,0.043,0.043,0.294,0.294
R7,32,島根県,3204,大田,50612,5.0612,万人,1244.35,0.513,0.513,0.08900000000000001,0.08900000000000001
R7,32,島根県,3205,浜田,77551,7.7551,万人,958.92,0.252,0.252,0.079,0.079
R7,32,島根県,3206,益田,57955,5.7955,万人,1376.72,0.205,0.205,0.098,0.098
R7,32,島根県,3207,隠岐,19122,1.9122,万人,345.92,0.509,0.509,0,0
R7,33,岡山県,3301,県南東部,916760,91.676,万人,1899.47,0.075,0.075,0.166,0.166
R7,33,岡山県,3302,県南西部,697598,69.7598,万人,1124.24,0.11,0.11,0.159,0.159
R7,33,岡山県,3303,高梁・新見,57151,5.7151,万人,1340.28,0.418,0.418,0.08800000000000001,0.08800000000000001
R7,33,岡山県,3304,真庭,43538,4.3538,万人,895.64,0.484,0.484,0.075,0.075
R7,33,岡山県,3305,津山・英田,173385,17.3385,万人,1847.66,0.252,0.252,0.059000000000000004,0.059000000000000004
R7,34,広島県,3401,広島,1366912,136.6912,万人,2506.17,0.095,0.095,0.121,0.121
R7,34,広島県,3402,広島西,140492,14.0492,万人,568.14,0.35600000000000004,0.35600000000000004,0.484,0.484
R7,34,広島県,3403,呉,236522,23.6522,万人,453.5,0.105,0.105,0.10400000000000001,0.10400000000000001
R7,34,広島県,3404,広島中央,227759,22.7759,万人,796.5,0.231,0.231,0.226,0.226
R7,34,広島県,3405,尾三,236868,23.6868,万人,1034.8,0.161,0.161,0.149,0.149
R7,34,広島県,3406,福山・府中,506835,50.6835,万人,1095.87,0.159,0.159,0.10300000000000001,0.10300000000000001
R7,34,広島県,3407,備北,84314,8.4314,万人,2024.63,0.18100000000000002,0.18100000000000002,0.168,0.168
R7,35,山口県,3501,岩国,135159,13.5159,万人,884.3,0.29100000000000004,0.29100000000000004,0.134,0.134
R7,35,山口県,3502,柳井,74336,7.4336,万人,397.84,0.24600000000000002,0.24600000000000002,0.28600000000000003,0.28600000000000003
R7,35,山口県,3503,周南,243225,24.3225,万人,837.77,0.136,0.136,0.1,0.1
R7,35,山口県,3504,山口・防府,307945,30.7945,万人,1212.6,0.151,0.151,0.17600000000000002,0.17600000000000002
R7,35,山口県,3505,宇部・小野田,246143,24.6143,万人,892.38,0.07,0.07,0.122,0.122
R7,35,山口県,3506,下関,255051,25.5051,万人,716.1,0.08800000000000001,0.08800000000000001,0.052000000000000005,0.052000000000000005
R7,35,山口県,3507,長門,32519,3.2519,万人,357.31,0.185,0.185,0.12300000000000001,0.12300000000000001
R7,35,山口県,3508,萩,47681,4.7681,万人,814.26,0.335,0.335,0.051,0.051
R7,36,徳島県,3601,東部,509036,50.9036,万人,1016.78,0.091,0.091,0.107,0.107
R7,36,徳島県,3603,南部,137526,13.7526,万人,1724.13,0.17800000000000002,0.17800000000000002,0.205,0.205
R7,36,徳島県,3605,西部,72997,7.2997,万人,1405.88,0.245,0.245,0.05,0.05
R7,37,香川県,3702,小豆,26716,2.6716,万人,169.97,0.387,0.387,0,0
R7,37,香川県,3706,東部,522759,52.2759,万人,776.87,0.076,0.076,0.129,0.129
R7,37,香川県,3707,西部,400769,40.0769,万人,929.94,0.139,0.139,0.081,0.081
R7,38,愛媛県,3801,宇摩,82754,8.2754,万人,421.24,0.309,0.309,0.040999999999999995,0.040999999999999995
R7,38,愛媛県,3802,新居浜・西条,220729,22.0729,万人,744.48,0.212,0.212,0.061,0.061
R7,38,愛媛県,3803,今治,158181,15.8181,万人,449.52,0.259,0.259,0.052000000000000005,0.052000000000000005
R7,38,愛媛県,3804,松山,637742,63.7742,万人,1540.83,0.027000000000000003,0.027000000000000003,0.23800000000000002,0.23800000000000002
R7,38,愛媛県,3805,八幡浜・大洲,131669,13.1669,万人,1472.65,0.34700000000000003,0.34700000000000003,0.025,0.025
R7,38,愛媛県,3806,宇和島,103766,10.3766,万人,1047.51,0.12,0.12,0.171,0.171
R7,39,高知県,3901,安芸,43666,4.3666,万人,1128.51,0.41600000000000004,0.41600000000000004,0.043,0.043
R7,39,高知県,3902,中央,516816,51.6816,万人,3008.37,0.013999999999999999,0.013999999999999999,0.133,0.133
R7,39,高知県,3903,高幡,50797,5.0797,万人,1405.24,0.601,0.601,0.124,0.124
R7,39,高知県,3904,幡多,80248,8.0248,万人,1561.73,0.327,0.327,0.035,0.035
R7,40,福岡県,4001,福岡・糸島,1711269,171.1269,万人,559.1,0.10400000000000001,0.10400000000000001,0.22699999999999998,0.22699999999999998
R7,40,福岡県,4002,粕屋,292856,29.2856,万人,206.71,0.483,0.483,0.506,0.506
R7,40,福岡県,4003,宗像,164128,16.4128,万人,172.68,0.534,0.534,0.17,0.17
R7,40,福岡県,4004,筑紫,439695,43.9695,万人,233.32,0.40299999999999997,0.40299999999999997,0.282,0.282
R7,40,福岡県,4005,朝倉,81763,8.1763,万人,365.78,0.267,0.267,0.191,0.191
R7,40,福岡県,4006,久留米,452986,45.2986,万人,467.83,0.187,0.187,0.379,0.379
R7,40,福岡県,4007,八女・筑後,129404,12.9404,万人,562.16,0.45,0.45,0.282,0.282
R7,40,福岡県,4008,有明,211617,21.1617,万人,263.81,0.19699999999999998,0.19699999999999998,0.196,0.196
R7,40,福岡県,4009,飯塚,174715,17.4715,万人,369.32,0.183,0.183,0.292,0.292
R7,40,福岡県,4010,直方・鞍手,104741,10.4741,万人,251.53,0.452,0.452,0.266,0.266
R7,40,福岡県,4011,田川,117958,11.7958,万人,363.73,0.40399999999999997,0.40399999999999997,0.076,0.076
R7,40,福岡県,4012,北九州,1070780,107.078,万人,601.31,0.057999999999999996,0.057999999999999996,0.10800000000000001,0.10800000000000001
R7,40,福岡県,4013,京築,183302,18.3302,万人,569.25,0.434,0.434,0.083,0.083
R7,41,佐賀県,4101,中部,342893,34.2893,万人,793.73,0.085,0.085,0.195,0.195
R7,41,佐賀県,4102,東部,126243,12.6243,万人,158.59,0.5760000000000001,0.5760000000000001,0.35700000000000004,0.35700000000000004
R7,41,佐賀県,4103,北部,122982,12.2982,万人,523.51,0.182,0.182,0.07400000000000001,0.07400000000000001
R7,41,佐賀県,4104,西部,71639,7.1639,万人,321.1,0.725,0.725,0.203,0.203
R7,41,佐賀県,4105,南部,147685,14.7685,万人,643.78,0.248,0.248,0.254,0.254
R7,42,長崎県,4201,長崎,505512,50.5512,万人,697.12,0.07,0.07,0.09,0.09
R7,42,長崎県,4202,佐世保県北,307771,30.7771,万人,823.97,0.083,0.083,0.107,0.107
R7,42,長崎県,4203,県央,264638,26.4638,万人,635.96,0.149,0.149,0.16699999999999998,0.16699999999999998
R7,42,長崎県,4204,県南,126764,12.6764,万人,467.39,0.26899999999999996,0.26899999999999996,0.062,0.062
R7,42,長崎県,4206,五島,34391,3.4391,万人,420.1,0.149,0.149,0.016,0.016
R7,42,長崎県,4207,上五島,19791,1.9791,万人,239.51,0.418,0.418,0,0
R7,42,長崎県,4208,壱岐,24948,2.4948,万人,139.42,0.321,0.321,0,0
R7,42,長崎県,4209,対馬,28502,2.8502,万人,707.42,0.342,0.342,0,0
R7,43,熊本県,4302,宇城,102546,10.2546,万人,406.91,0.521,0.521,0.41,0.41
R7,43,熊本県,4303,有明,153862,15.3862,万人,421.43,0.485,0.485,0.063,0.063
R7,43,熊本県,4304,鹿本,49025,4.9025,万人,299.69,0.434,0.434,0.166,0.166
R7,43,熊本県,4305,菊池,186712,18.6712,万人,466.6,0.406,0.406,0.41,0.41
R7,43,熊本県,4306,阿蘇,58703,5.8703,万人,1079.55,0.693,0.693,0.023,0.023
R7,43,熊本県,4308,八代,134161,13.4161,万人,714.72,0.22699999999999998,0.22699999999999998,0.174,0.174
R7,43,熊本県,4309,芦北,43492,4.3492,万人,431.36,0.2,0.2,0.231,0.231
R7,43,熊本県,4310,球磨,81480,8.148,万人,1536.57,0.175,0.175,0.079,0.079
R7,43,熊本県,4311,天草,107460,10.746,万人,878.38,0.255,0.255,0.067,0.067
R7,43,熊本県,4312,熊本・上益城,820860,82.086,万人,1174.28,0.077,0.077,0.228,0.228
R7,44,大分県,4401,東部,199000,19.9,万人,803.83,0.096,0.096,0.18,0.18
R7,44,大分県,4403,中部,560644,56.0644,万人,1192.38,0.078,0.078,0.165,0.165
R7,44,大分県,4405,南部,66851,6.6851,万人,903.11,0.196,0.196,0.051,0.051
R7,44,大分県,4406,豊肥,54027,5.4027,万人,1080.67,0.374,0.374,0.10400000000000001,0.10400000000000001
R7,44,大分県,4408,西部,85584,8.5584,万人,1223.91,0.278,0.278,0.109,0.109
R7,44,大分県,4409,北部,157746,15.7746,万人,1136.82,0.271,0.271,0.125,0.125
R7,45,宮崎県,4501,宮崎東諸県,426671,42.6671,万人,869.49,0.067,0.067,0.243,0.243
R7,45,宮崎県,4502,都城北諸県,186231,18.6231,万人,763.38,0.217,0.217,0.19699999999999998,0.19699999999999998
R7,45,宮崎県,4503,延岡西臼杵,137143,13.7143,万人,1554.96,0.193,0.193,0.121,0.121
R7,45,宮崎県,4504,日南串間,67670,6.767,万人,831.27,0.18100000000000002,0.18100000000000002,0.162,0.162
R7,45,宮崎県,4505,西諸,69947,6.9947,万人,931.27,0.267,0.267,0.09,0.09
R7,45,宮崎県,4506,西都児湯,96091,9.6091,万人,1153.82,0.452,0.452,0.225,0.225
R7,45,宮崎県,4507,日向入郷,85823,8.5823,万人,1631.15,0.41600000000000004,0.41600000000000004,0.10099999999999999,0.10099999999999999
R7,46,鹿児島県,4601,鹿児島,668916,66.8916,万人,1045.42,0.028999999999999998,0.028999999999999998,0.231,0.231
R7,46,鹿児島県,4603,南薩,125011,12.5011,万人,865.12,0.311,0.311,0.046,0.046
R7,46,鹿児島県,4605,川薩,112646,11.2646,万人,986.82,0.297,0.297,0.045,0.045
R7,46,鹿児島県,4606,出水,80969,8.0969,万人,580.45,0.3,0.3,0,0
R7,46,鹿児島県,4607,姶良・伊佐,233055,23.3055,万人,1371.28,0.265,0.265,0.142,0.142
R7,46,鹿児島県,4609,曽於,75024,7.5024,万人,781.06,0.6729999999999999,0.6729999999999999,0.18100000000000002,0.18100000000000002
R7,46,鹿児島県,4610,肝属,148804,14.8804,万人,1322.91,0.18100000000000002,0.18100000000000002,0.179,0.179
R7,46,鹿児島県,4611,熊毛,39550,3.955,万人,993.68,0.292,0.292,0.006999999999999999,0.006999999999999999
R7,46,鹿児島県,4612,奄美,104281,10.4281,万人,1240.19,0.187,0.187,0.011000000000000001,0.011000000000000001
R7,47,沖縄県,4701,北部,100751,10.0751,万人,705.43,0.184,0.184,0.063,0.063
R7,47,沖縄県,4702,中部,518742,51.8742,万人,367.91,0.172,0.172,0.16,0.16
R7,47,沖縄県,4703,南部,740743,74.0743,万人,388.77,0.081,0.081,0.14400000000000002,0.14400000000000002
R7,47,沖縄県,4704,宮古,53989,5.3989,万人,226.2,0.132,0.132,0.011000000000000001,0.011000000000000001
R7,47,沖縄県,4705,八重山,53255,5.3255,万人,592.5,0.396,0.396,0,0
