published_fy,pref_code,pref_name,area_code,area_name,direction,overall_rate
R7,01,北海道,0101,南渡島,流入率,0.09371556230341738
R7,01,北海道,0101,南渡島,流出率,0.033216957073430975
R7,01,北海道,0102,南檜山,流入率,0.021146692585083726
R7,01,北海道,0102,南檜山,流出率,0.6997936735722892
R7,01,北海道,0103,北渡島檜山,流入率,0.04130470458502633
R7,01,北海道,0103,北渡島檜山,流出率,0.4970458918255436
R7,01,北海道,0104,札幌,流入率,0.13943497899399093
R7,01,北海道,0104,札幌,流出率,0.014651523733353211
R7,01,北海道,0105,後志,流入率,0.0345004958327958
R7,01,北海道,0105,後志,流出率,0.36014560474297586
R7,01,北海道,0106,南空知,流入率,0.09983611510400059
R7,01,北海道,0106,南空知,流出率,0.4506405914313699
R7,01,北海道,0107,中空知,流入率,0.12701203492387902
R7,01,北海道,0107,中空知,流出率,0.26365657678530197
R7,01,北海道,0108,北空知,流入率,0.09376221405573748
R7,01,北海道,0108,北空知,流出率,0.4799958122071921
R7,01,北海道,0109,西胆振,流入率,0.06782695847809017
R7,01,北海道,0109,西胆振,流出率,0.13870448968225202
R7,01,北海道,0110,東胆振,流入率,0.1383481489723951
R7,01,北海道,0110,東胆振,流出率,0.20776605609422172
R7,01,北海道,0111,日高,流入率,0.015635947718421028
R7,01,北海道,0111,日高,流出率,0.5782380384615879
R7,01,北海道,0112,上川中部,流入率,0.19171249883931496
R7,01,北海道,0112,上川中部,流出率,0.027574720730307867
R7,01,北海道,0113,上川北部,流入率,0.20188293804379798
R7,01,北海道,0113,上川北部,流出率,0.42557025433690454
R7,01,北海道,0114,富良野,流入率,0.10937274904623384
R7,01,北海道,0114,富良野,流出率,0.3734978850530546
R7,01,北海道,0115,留萌,流入率,0.01676292276414515
R7,01,北海道,0115,留萌,流出率,0.44709875734267046
R7,01,北海道,0116,宗谷,流入率,0.037366548581224124
R7,01,北海道,0116,宗谷,流出率,0.42737865099146644
R7,01,北海道,0117,北網,流入率,0.10217522084945296
R7,01,北海道,0117,北網,流出率,0.09892696132360135
R7,01,北海道,0118,遠紋,流入率,0.012708730621655562
R7,01,北海道,0118,遠紋,流出率,0.4327327632658243
R7,01,北海道,0119,十勝,流入率,0.0250262393034697
R7,01,北海道,0119,十勝,流出率,0.07804305918565402
R7,01,北海道,0120,釧路,流入率,0.14101913378109188
R7,01,北海道,0120,釧路,流出率,0.04900367004670647
R7,01,北海道,0121,根室,流入率,0.028883211548972998
R7,01,北海道,0121,根室,流出率,0.49716079018834725
R7,02,青森県,0201,津軽地域,流入率,0.24603297347815467
R7,02,青森県,0201,津軽地域,流出率,0.032472850454353774
R7,02,青森県,0202,八戸地域,流入率,0.1488280600274664
R7,02,青森県,0202,八戸地域,流出率,0.10655407951676588
R7,02,青森県,0203,青森地域,流入率,0.11924665335095896
R7,02,青森県,0203,青森地域,流出率,0.09527589022151506
R7,02,青森県,0204,西北五地域,流入率,0.02994271225838252
R7,02,青森県,0204,西北五地域,流出率,0.411705970409163
R7,02,青森県,0205,上十三地域,流入率,0.09207308406628434
R7,02,青森県,0205,上十三地域,流出率,0.29224756593157264
R7,02,青森県,0206,下北地域,流入率,0.04576604372853588
R7,02,青森県,0206,下北地域,流出率,0.2665000353854171
R7,03,岩手県,0301,盛岡,流入率,0.268601140744938
R7,03,岩手県,0301,盛岡,流出率,0.03427675819976739
R7,03,岩手県,0302,岩手中部,流入率,0.11866945864601053
R7,03,岩手県,0302,岩手中部,流出率,0.2620699743967453
R7,03,岩手県,0303,胆江,流入率,0.11927600166676189
R7,03,岩手県,0303,胆江,流出率,0.2589303910264261
R7,03,岩手県,0304,両磐,流入率,0.07838462439239147
R7,03,岩手県,0304,両磐,流出率,0.2564006863203554
R7,03,岩手県,0305,気仙,流入率,0.11501321157543909
R7,03,岩手県,0305,気仙,流出率,0.3343095611121869
R7,03,岩手県,0306,釜石,流入率,0.17457029576012595
R7,03,岩手県,0306,釜石,流出率,0.2950413343394619
R7,03,岩手県,0307,宮古,流入率,0.028762932020103382
R7,03,岩手県,0307,宮古,流出率,0.33213367557697626
R7,03,岩手県,0308,久慈,流入率,0.04329353813895864
R7,03,岩手県,0308,久慈,流出率,0.3899331063563858
R7,03,岩手県,0309,二戸,流入率,0.09314485052378807
R7,03,岩手県,0309,二戸,流出率,0.37113353550717565
R7,04,宮城県,0401,仙南,流入率,0.0626671178651862
R7,04,宮城県,0401,仙南,流出率,0.445354780440397
R7,04,宮城県,0403,仙台,流入率,0.16242863261607032
R7,04,宮城県,0403,仙台,流出率,0.030721794276824754
R7,04,宮城県,0406,大崎・栗原,流入率,0.10654050859260022
R7,04,宮城県,0406,大崎・栗原,流出率,0.2566766633717602
R7,04,宮城県,0409,石巻・登米・気仙沼,流入率,0.06087797232706327
R7,04,宮城県,0409,石巻・登米・気仙沼,流出率,0.23014058355998712
R7,05,秋田県,0501,大館・鹿角,流入率,0.06649602896585771
R7,05,秋田県,0501,大館・鹿角,流出率,0.1857091986409768
R7,05,秋田県,0502,北秋田,流入率,0.061509243523619195
R7,05,秋田県,0502,北秋田,流出率,0.3886854662661876
R7,05,秋田県,0503,能代・山本,流入率,0.10979025013548993
R7,05,秋田県,0503,能代・山本,流出率,0.1555319144802385
R7,05,秋田県,0504,秋田周辺,流入率,0.17380666579110238
R7,05,秋田県,0504,秋田周辺,流出率,0.025587615122982243
R7,05,秋田県,0505,由利本荘・にかほ,流入率,0.019851971458914708
R7,05,秋田県,0505,由利本荘・にかほ,流出率,0.2007726352872644
R7,05,秋田県,0506,大仙・仙北,流入率,0.07102329273635555
R7,05,秋田県,0506,大仙・仙北,流出率,0.2012089020162393
R7,05,秋田県,0507,横手,流入率,0.2427094950628529
R7,05,秋田県,0507,横手,流出率,0.3311202163934951
R7,05,秋田県,0508,湯沢・雄勝,流入率,0.08434840817150024
R7,05,秋田県,0508,湯沢・雄勝,流出率,0.34533736145800076
R7,06,山形県,0601,村山,流入率,0.11709433184270224
R7,06,山形県,0601,村山,流出率,0.029441894107673505
R7,06,山形県,0602,最上,流入率,0.05217754302933264
R7,06,山形県,0602,最上,流出率,0.2291322341198928
R7,06,山形県,0603,置賜,流入率,0.020460525702626686
R7,06,山形県,0603,置賜,流出率,0.19964100507143578
R7,06,山形県,0604,庄内,流入率,0.028192276532458704
R7,06,山形県,0604,庄内,流出率,0.08026698000137344
R7,07,福島県,0701,県北,流入率,0.15027326549615871
R7,07,福島県,0701,県北,流出率,0.08952190914673863
R7,07,福島県,0702,県中,流入率,0.20060710164889872
R7,07,福島県,0702,県中,流出率,0.09389036477930679
R7,07,福島県,0703,県南,流入率,0.15007207265972877
R7,07,福島県,0703,県南,流出率,0.35748392306950905
R7,07,福島県,0706,相双,流入率,0.05676781499603267
R7,07,福島県,0706,相双,流出率,0.48213571552296663
R7,07,福島県,0707,いわき,流入率,0.11837199931593867
R7,07,福島県,0707,いわき,流出率,0.1404851789644881
R7,07,福島県,0708,会津・南会津,流入率,0.036916278575320094
R7,07,福島県,0708,会津・南会津,流出率,0.08904044273335077
R7,08,茨城県,0801,水戸,流入率,0.3663205845062295
R7,08,茨城県,0801,水戸,流出率,0.16269606007249549
R7,08,茨城県,0802,日立,流入率,0.15698560866201072
R7,08,茨城県,0802,日立,流出率,0.1845217874009396
R7,08,茨城県,0803,常陸太田・ひたちなか,流入率,0.1678618941667488
R7,08,茨城県,0803,常陸太田・ひたちなか,流出率,0.49847250163839174
R7,08,茨城県,0804,鹿行,流入率,0.05728952069662996
R7,08,茨城県,0804,鹿行,流出率,0.5686019925764882
R7,08,茨城県,0805,土浦,流入率,0.4285834497907014
R7,08,茨城県,0805,土浦,流出率,0.3887386187991583
R7,08,茨城県,0806,つくば,流入率,0.5562613763470763
R7,08,茨城県,0806,つくば,流出率,0.25459065420920535
R7,08,茨城県,0807,取手・竜ヶ崎,流入率,0.2601860321100955
R7,08,茨城県,0807,取手・竜ヶ崎,流出率,0.37587036607156665
R7,08,茨城県,0808,筑西・下妻,流入率,0.14869694591081195
R7,08,茨城県,0808,筑西・下妻,流出率,0.5156246063053302
R7,08,茨城県,0809,古河・坂東,流入率,0.26168586419226303
R7,08,茨城県,0809,古河・坂東,流出率,0.37161623385140485
R7,09,栃木県,0901,県北,流入率,0.06821451148237401
R7,09,栃木県,0901,県北,流出率,0.2579906699305976
R7,09,栃木県,0902,県西,流入率,0.10482677519348105
R7,09,栃木県,0902,県西,流出率,0.4067582300497872
R7,09,栃木県,0903,宇都宮,流入率,0.2798473842290151
R7,09,栃木県,0903,宇都宮,流出率,0.2648955325212975
R7,09,栃木県,0904,県東,流入率,0.11494735374785459
R7,09,栃木県,0904,県東,流出率,0.3797433776343383
R7,09,栃木県,0905,県南,流入率,0.4892424341214562
R7,09,栃木県,0905,県南,流出率,0.18260253479989352
R7,09,栃木県,0906,両毛,流入率,0.1772157729781757
R7,09,栃木県,0906,両毛,流出率,0.23651759987904197
R7,10,群馬県,1001,前橋,流入率,0.4793389757920363
R7,10,群馬県,1001,前橋,流出率,0.16833366785539083
R7,10,群馬県,1002,渋川,流入率,0.48145967255826916
R7,10,群馬県,1002,渋川,流出率,0.4542490320381042
R7,10,群馬県,1003,伊勢崎,流入率,0.30344416357113624
R7,10,群馬県,1003,伊勢崎,流出率,0.35456132042666233
R7,10,群馬県,1004,高崎・安中,流入率,0.218391966402251
R7,10,群馬県,1004,高崎・安中,流出率,0.31409196716747956
R7,10,群馬県,1005,藤岡,流入率,0.5382966747776806
R7,10,群馬県,1005,藤岡,流出率,0.3443603815814894
R7,10,群馬県,1006,富岡,流入率,0.33497765847606575
R7,10,群馬県,1006,富岡,流出率,0.4079827762936049
R7,10,群馬県,1007,吾妻,流入率,0.06455860252716306
R7,10,群馬県,1007,吾妻,流出率,0.6243877965126183
R7,10,群馬県,1008,沼田,流入率,0.20331540529189984
R7,10,群馬県,1008,沼田,流出率,0.2466587889584675
R7,10,群馬県,1009,桐生,流入率,0.20150704879246462
R7,10,群馬県,1009,桐生,流出率,0.38549583677334
R7,10,群馬県,1010,太田・館林,流入率,0.269538223039562
R7,10,群馬県,1010,太田・館林,流出率,0.30752112191103
R7,11,埼玉県,1101,南部,流入率,0.23916015388454115
R7,11,埼玉県,1101,南部,流出率,0.3489297344067812
R7,11,埼玉県,1102,南西部,流入率,0.24747744824252416
R7,11,埼玉県,1102,南西部,流出率,0.33094096269588436
R7,11,埼玉県,1103,東部,流入率,0.1753615114360748
R7,11,埼玉県,1103,東部,流出率,0.29691499230090657
R7,11,埼玉県,1104,さいたま,流入率,0.2632096559079845
R7,11,埼玉県,1104,さいたま,流出率,0.2680920607211289
R7,11,埼玉県,1105,県央,流入率,0.30977983779919605
R7,11,埼玉県,1105,県央,流出率,0.39939000187259177
R7,11,埼玉県,1106,川越比企,流入率,0.3349105977883906
R7,11,埼玉県,1106,川越比企,流出率,0.3340409671450818
R7,11,埼玉県,1107,西部,流入率,0.2968653444487531
R7,11,埼玉県,1107,西部,流出率,0.2489402100510455
R7,11,埼玉県,1108,利根,流入率,0.21423867623611526
R7,11,埼玉県,1108,利根,流出率,0.3617522839550176
R7,11,埼玉県,1109,北部,流入率,0.21160651663114327
R7,11,埼玉県,1109,北部,流出率,0.3477471324479008
R7,11,埼玉県,1110,秩父,流入率,0.03824451316689392
R7,11,埼玉県,1110,秩父,流出率,0.5069321006139992
R7,12,千葉県,1201,千葉,流入率,0.31795061171532324
R7,12,千葉県,1201,千葉,流出率,0.23652585805064885
R7,12,千葉県,1202,東葛南部,流入率,0.2002835463331455
R7,12,千葉県,1202,東葛南部,流出率,0.26471137540719913
R7,12,千葉県,1203,東葛北部,流入率,0.19607808555819106
R7,12,千葉県,1203,東葛北部,流出率,0.156261101633287
R7,12,千葉県,1204,印旛,流入率,0.3047927437008664
R7,12,千葉県,1204,印旛,流出率,0.23556389412942758
R7,12,千葉県,1205,香取海匝,流入率,0.2458506045277672
R7,12,千葉県,1205,香取海匝,流出率,0.22090862279756918
R7,12,千葉県,1206,山武長生夷隅,流入率,0.08479783987552458
R7,12,千葉県,1206,山武長生夷隅,流出率,0.554726761681423
R7,12,千葉県,1207,安房,流入率,0.4778165410245807
R7,12,千葉県,1207,安房,流出率,0.08487941873862015
R7,12,千葉県,1208,君津,流入率,0.07839290038640179
R7,12,千葉県,1208,君津,流出率,0.2971470027758307
R7,12,千葉県,1209,市原,流入率,0.2820004268789229
R7,12,千葉県,1209,市原,流出率,0.2745177085609566
R7,13,東京都,1301,区中央部,流入率,0.7818359050363376
R7,13,東京都,1301,区中央部,流出率,0.34164444434479724
R7,13,東京都,1302,区南部,流入率,0.2589757713849077
R7,13,東京都,1302,区南部,流出率,0.2566537825193982
R7,13,東京都,1303,区西南部,流入率,0.3895872177504608
R7,13,東京都,1303,区西南部,流出率,0.41560611586165985
R7,13,東京都,1304,区西部,流入率,0.5252985152676495
R7,13,東京都,1304,区西部,流出率,0.3334422356683513
R7,13,東京都,1305,区西北部,流入率,0.2720537954733704
R7,13,東京都,1305,区西北部,流出率,0.36251851182124595
R7,13,東京都,1306,区東北部,流入率,0.2247923996301795
R7,13,東京都,1306,区東北部,流出率,0.4370816581291499
R7,13,東京都,1307,区東部,流入率,0.29996549421141283
R7,13,東京都,1307,区東部,流出率,0.38008826367882065
R7,13,東京都,1308,西多摩,流入率,0.14472123096122436
R7,13,東京都,1308,西多摩,流出率,0.3797880326977432
R7,13,東京都,1309,南多摩,流入率,0.17686318749281238
R7,13,東京都,1309,南多摩,流出率,0.3871864518579451
R7,13,東京都,1310,北多摩西部,流入率,0.3529566645088089
R7,13,東京都,1310,北多摩西部,流出率,0.4078765855844487
R7,13,東京都,1311,北多摩南部,流入率,0.48656865629761825
R7,13,東京都,1311,北多摩南部,流出率,0.3534979098054001
R7,13,東京都,1312,北多摩北部,流入率,0.34310042152230846
R7,13,東京都,1312,北多摩北部,流出率,0.4090394824580079
R7,13,東京都,1313,島しょ,流入率,0.021118886106905044
R7,13,東京都,1313,島しょ,流出率,0.7343417724785337
R7,14,神奈川県,1404,川崎北部,流入率,0.3565375331289684
R7,14,神奈川県,1404,川崎北部,流出率,0.3984183955828001
R7,14,神奈川県,1405,川崎南部,流入率,0.3914021851116978
R7,14,神奈川県,1405,川崎南部,流出率,0.24228303641029114
R7,14,神奈川県,1406,横須賀・三浦,流入率,0.2591243124695851
R7,14,神奈川県,1406,横須賀・三浦,流出率,0.2622218329431094
R7,14,神奈川県,1407,湘南東部,流入率,0.19106587693254296
R7,14,神奈川県,1407,湘南東部,流出率,0.2764410591097244
R7,14,神奈川県,1408,湘南西部,流入率,0.2636398273610213
R7,14,神奈川県,1408,湘南西部,流出率,0.16774993907892632
R7,14,神奈川県,1409,県央,流入率,0.19849408111060307
R7,14,神奈川県,1409,県央,流出率,0.381206477188197
R7,14,神奈川県,1410,相模原,流入率,0.27356111009282247
R7,14,神奈川県,1410,相模原,流出率,0.2121684313365314
R7,14,神奈川県,1411,県西,流入率,0.11082399326757186
R7,14,神奈川県,1411,県西,流出率,0.2917551909252336
R7,14,神奈川県,1412,横浜,流入率,0.16528087325786944
R7,14,神奈川県,1412,横浜,流出率,0.1823079536456016
R7,15,新潟県,1501,下越,流入率,0.16993483069310855
R7,15,新潟県,1501,下越,流出率,0.1788790742212003
R7,15,新潟県,1502,新潟,流入率,0.1426211084300778
R7,15,新潟県,1502,新潟,流出率,0.05844560793896736
R7,15,新潟県,1503,県央,流入率,0.09121093031827698
R7,15,新潟県,1503,県央,流出率,0.36200672519915145
R7,15,新潟県,1504,中越,流入率,0.12969658342320423
R7,15,新潟県,1504,中越,流出率,0.06675901969487874
R7,15,新潟県,1505,魚沼,流入率,0.038781353766747184
R7,15,新潟県,1505,魚沼,流出率,0.1814642274724093
R7,15,新潟県,1506,上越,流入率,0.023387734718624875
R7,15,新潟県,1506,上越,流出率,0.10226010407364616
R7,15,新潟県,1507,佐渡,流入率,0.016335034130359638
R7,15,新潟県,1507,佐渡,流出率,0.23014803618742163
R7,16,富山県,1601,新川,流入率,0.06015395785734334
R7,16,富山県,1601,新川,流出率,0.1831761966644656
R7,16,富山県,1602,富山,流入率,0.17047015626067052
R7,16,富山県,1602,富山,流出率,0.03535630222745778
R7,16,富山県,1603,高岡,流入率,0.08282960606789014
R7,16,富山県,1603,高岡,流出率,0.1827489933332389
R7,16,富山県,1604,砺波,流入率,0.07698524270398799
R7,16,富山県,1604,砺波,流出率,0.2667426037823658
R7,17,石川県,1701,南加賀,流入率,0.05615669627118103
R7,17,石川県,1701,南加賀,流出率,0.3265619155582895
R7,17,石川県,1702,石川中央,流入率,0.21585336830464874
R7,17,石川県,1702,石川中央,流出率,0.027521424022660113
R7,17,石川県,1703,能登中部,流入率,0.14145820503565842
R7,17,石川県,1703,能登中部,流出率,0.35600507158245787
R7,17,石川県,1704,能登北部,流入率,0.031174397980601953
R7,17,石川県,1704,能登北部,流出率,0.5758972636762221
R7,18,福井県,1801,福井・坂井,流入率,0.2730207101542238
R7,18,福井県,1801,福井・坂井,流出率,0.030627725113590576
R7,18,福井県,1802,奥越,流入率,0.04338061954279815
R7,18,福井県,1802,奥越,流出率,0.4924495244113509
R7,18,福井県,1803,丹南,流入率,0.04523238483771441
R7,18,福井県,1803,丹南,流出率,0.5679085033208497
R7,18,福井県,1804,嶺南,流入率,0.028896312875779095
R7,18,福井県,1804,嶺南,流出率,0.2897677563412686
R7,19,山梨県,1901,中北,流入率,0.24478522090328703
R7,19,山梨県,1901,中北,流出率,0.09672321811985884
R7,19,山梨県,1902,峡東,流入率,0.1955339136841474
R7,19,山梨県,1902,峡東,流出率,0.4572356718390884
R7,19,山梨県,1903,峡南,流入率,0.2092219827193037
R7,19,山梨県,1903,峡南,流出率,0.4947191975038674
R7,19,山梨県,1904,富士・東部,流入率,0.049056010589247356
R7,19,山梨県,1904,富士・東部,流出率,0.40619515579561283
R7,20,長野県,2001,佐久,流入率,0.1920851542621277
R7,20,長野県,2001,佐久,流出率,0.08236330393054236
R7,20,長野県,2002,上小,流入率,0.09860191024355647
R7,20,長野県,2002,上小,流出率,0.3105925554571217
R7,20,長野県,2003,諏訪,流入率,0.12992543265107503
R7,20,長野県,2003,諏訪,流出率,0.11327138374292123
R7,20,長野県,2004,上伊那,流入率,0.05723795619333638
R7,20,長野県,2004,上伊那,流出率,0.22603398964330457
R7,20,長野県,2005,飯伊,流入率,0.05967727792457411
R7,20,長野県,2005,飯伊,流出率,0.1181740479509541
R7,20,長野県,2006,木曽,流入率,0.054450972590390556
R7,20,長野県,2006,木曽,流出率,0.5376536780971553
R7,20,長野県,2007,松本,流入率,0.24597460148840977
R7,20,長野県,2007,松本,流出率,0.05528520603057152
R7,20,長野県,2008,大北,流入率,0.17088168978460572
R7,20,長野県,2008,大北,流出率,0.35253013984239967
R7,20,長野県,2009,長野,流入率,0.08048072621837987
R7,20,長野県,2009,長野,流出率,0.07768835385580297
R7,20,長野県,2010,北信,流入率,0.11204880686452534
R7,20,長野県,2010,北信,流出率,0.2701533445217098
R7,21,岐阜県,2101,岐阜,流入率,0.17334236427139704
R7,21,岐阜県,2101,岐阜,流出率,0.10580458057001163
R7,21,岐阜県,2102,西濃,流入率,0.12452352446563264
R7,21,岐阜県,2102,西濃,流出率,0.19891099911340404
R7,21,岐阜県,2103,中濃,流入率,0.11601516931562328
R7,21,岐阜県,2103,中濃,流出率,0.2787846024268994
R7,21,岐阜県,2104,東濃,流入率,0.11038003622564274
R7,21,岐阜県,2104,東濃,流出率,0.24269460107914553
R7,21,岐阜県,2105,飛騨,流入率,0.047538102759168366
R7,21,岐阜県,2105,飛騨,流出率,0.2717659808454963
R7,22,静岡県,2201,賀茂,流入率,0.08557604424711118
R7,22,静岡県,2201,賀茂,流出率,0.5662419039186012
R7,22,静岡県,2202,熱海伊東,流入率,0.24167327960420038
R7,22,静岡県,2202,熱海伊東,流出率,0.44212041043147454
R7,22,静岡県,2203,駿東田方,流入率,0.2339712531447401
R7,22,静岡県,2203,駿東田方,流出率,0.07411121174981616
R7,22,静岡県,2204,富士,流入率,0.07284136804092967
R7,22,静岡県,2204,富士,流出率,0.24822913926579815
R7,22,静岡県,2205,静岡,流入率,0.17047627816729483
R7,22,静岡県,2205,静岡,流出率,0.05771494901330343
R7,22,静岡県,2206,志太榛原,流入率,0.05692952768610737
R7,22,静岡県,2206,志太榛原,流出率,0.17225260228917294
R7,22,静岡県,2207,中東遠,流入率,0.058898151535555665
R7,22,静岡県,2207,中東遠,流出率,0.2709464662729796
R7,22,静岡県,2208,西部,流入率,0.13011055810802918
R7,22,静岡県,2208,西部,流出率,0.041277740248632844
R7,23,愛知県,2302,海部,流入率,0.2227468643547088
R7,23,愛知県,2302,海部,流出率,0.45931143280915065
R7,23,愛知県,2304,尾張東部,流入率,0.5951039082118932
R7,23,愛知県,2304,尾張東部,流出率,0.260866373479712
R7,23,愛知県,2305,尾張西部,流入率,0.15712053407870408
R7,23,愛知県,2305,尾張西部,流出率,0.1549361547784549
R7,23,愛知県,2306,尾張北部,流入率,0.21842331286272487
R7,23,愛知県,2306,尾張北部,流出率,0.22739431448502367
R7,23,愛知県,2307,知多半島,流入率,0.14784001870504504
R7,23,愛知県,2307,知多半島,流出率,0.4248259986509174
R7,23,愛知県,2308,西三河北部,流入率,0.1556256471532369
R7,23,愛知県,2308,西三河北部,流出率,0.1950844643868086
R7,23,愛知県,2309,西三河南部西,流入率,0.22341599186556038
R7,23,愛知県,2309,西三河南部西,流出率,0.231702212018573
R7,23,愛知県,2310,西三河南部東,流入率,0.15019811302190078
R7,23,愛知県,2310,西三河南部東,流出率,0.2342462115795555
R7,23,愛知県,2311,東三河北部,流入率,0.06567259159940053
R7,23,愛知県,2311,東三河北部,流出率,0.7637117248424772
R7,23,愛知県,2312,東三河南部,流入率,0.09664278652502667
R7,23,愛知県,2312,東三河南部,流出率,0.10759089196862404
R7,23,愛知県,2313,名古屋・尾張中部,流入率,0.235292216696127
R7,23,愛知県,2313,名古屋・尾張中部,流出率,0.17372252563575996
R7,24,三重県,2405,桑員,流入率,0.1504270267902097
R7,24,三重県,2405,桑員,流出率,0.35615094877121234
R7,24,三重県,2406,三泗,流入率,0.17008655432783015
R7,24,三重県,2406,三泗,流出率,0.21094882019187822
R7,24,三重県,2407,鈴亀,流入率,0.16748735873131082
R7,24,三重県,2407,鈴亀,流出率,0.299452098169818
R7,24,三重県,2408,津,流入率,0.34743715109941165
R7,24,三重県,2408,津,流出率,0.11294003484649451
R7,24,三重県,2409,伊賀,流入率,0.06389117482224793
R7,24,三重県,2409,伊賀,流出率,0.3497865334036011
R7,24,三重県,2410,松阪,流入率,0.18316222846696206
R7,24,三重県,2410,松阪,流出率,0.2386234187539401
R7,24,三重県,2411,伊勢志摩,流入率,0.12166819037018317
R7,24,三重県,2411,伊勢志摩,流出率,0.1568744052089851
R7,24,三重県,2412,東紀州,流入率,0.05121992556244237
R7,24,三重県,2412,東紀州,流出率,0.5593649897019133
R7,25,滋賀県,2501,大津,流入率,0.3026607629648731
R7,25,滋賀県,2501,大津,流出率,0.24021631760014972
R7,25,滋賀県,2502,湖南,流入率,0.35459114802110114
R7,25,滋賀県,2502,湖南,流出率,0.23635018041391487
R7,25,滋賀県,2503,甲賀,流入率,0.14006163589430698
R7,25,滋賀県,2503,甲賀,流出率,0.4102174689494421
R7,25,滋賀県,2504,東近江,流入率,0.16332979679684245
R7,25,滋賀県,2504,東近江,流出率,0.28371179064576946
R7,25,滋賀県,2505,湖東,流入率,0.12364582910658273
R7,25,滋賀県,2505,湖東,流出率,0.3441961458492594
R7,25,滋賀県,2506,湖北,流入率,0.11608079234135282
R7,25,滋賀県,2506,湖北,流出率,0.14012837096485142
R7,25,滋賀県,2507,湖西,流入率,0.07133935885323417
R7,25,滋賀県,2507,湖西,流出率,0.4107187004680585
R7,26,京都府,2601,丹後,流入率,0.06871738464403598
R7,26,京都府,2601,丹後,流出率,0.20581746338486484
R7,26,京都府,2602,中丹,流入率,0.17060989700246787
R7,26,京都府,2602,中丹,流出率,0.1289635694860949
R7,26,京都府,2603,南丹,流入率,0.07231914800046979
R7,26,京都府,2603,南丹,流出率,0.4337108295967904
R7,26,京都府,2604,京都・乙訓,流入率,0.1759684510022459
R7,26,京都府,2604,京都・乙訓,流出率,0.06946833541542141
R7,26,京都府,2605,山城北,流入率,0.2617038894277016
R7,26,京都府,2605,山城北,流出率,0.33526483705290244
R7,26,京都府,2606,山城南,流入率,0.23097940607240697
R7,26,京都府,2606,山城南,流出率,0.6105505506126216
R7,27,大阪府,2701,豊能,流入率,0.32904103312922317
R7,27,大阪府,2701,豊能,流出率,0.2919940530150884
R7,27,大阪府,2702,三島,流入率,0.19115404708772143
R7,27,大阪府,2702,三島,流出率,0.2549169999150197
R7,27,大阪府,2703,北河内,流入率,0.1438875636619068
R7,27,大阪府,2703,北河内,流出率,0.21595394809347435
R7,27,大阪府,2704,中河内,流入率,0.1778312496203317
R7,27,大阪府,2704,中河内,流出率,0.37192699595197043
R7,27,大阪府,2705,南河内,流入率,0.31956611876458585
R7,27,大阪府,2705,南河内,流出率,0.2850347229696133
R7,27,大阪府,2706,堺市,流入率,0.22002275208262223
R7,27,大阪府,2706,堺市,流出率,0.2717868587599378
R7,27,大阪府,2707,泉州,流入率,0.1436393956786215
R7,27,大阪府,2707,泉州,流出率,0.2065976894971644
R7,27,大阪府,2708,大阪市,流入率,0.27241226215865355
R7,27,大阪府,2708,大阪市,流出率,0.1196928040918056
R7,28,兵庫県,2801,神戸,流入率,0.16739771098714307
R7,28,兵庫県,2801,神戸,流出率,0.1119111385592888
R7,28,兵庫県,2804,東播磨,流入率,0.19918425619726565
R7,28,兵庫県,2804,東播磨,流出率,0.1581663508314337
R7,28,兵庫県,2805,北播磨,流入率,0.1413401657957165
R7,28,兵庫県,2805,北播磨,流出率,0.25967240728754803
R7,28,兵庫県,2808,但馬,流入率,0.06875458129229395
R7,28,兵庫県,2808,但馬,流出率,0.284794302722557
R7,28,兵庫県,2809,丹波,流入率,0.08370696760951257
R7,28,兵庫県,2809,丹波,流出率,0.4144334745098194
R7,28,兵庫県,2810,淡路,流入率,0.0269125543586739
R7,28,兵庫県,2810,淡路,流出率,0.18642990529808245
R7,28,兵庫県,2811,阪神,流入率,0.11533399397725053
R7,28,兵庫県,2811,阪神,流出率,0.17648541170560994
R7,28,兵庫県,2812,播磨姫路,流入率,0.07970419376972382
R7,28,兵庫県,2812,播磨姫路,流出率,0.09779120382151996
R7,29,奈良県,2901,奈良,流入率,0.34704632847732886
R7,29,奈良県,2901,奈良,流出率,0.32638417814237886
R7,29,奈良県,2902,東和,流入率,0.49570770339120207
R7,29,奈良県,2902,東和,流出率,0.3605674150206537
R7,29,奈良県,2903,西和,流入率,0.29932673343626204
R7,29,奈良県,2903,西和,流出率,0.42082826382575156
R7,29,奈良県,2904,中和,流入率,0.3063980820162818
R7,29,奈良県,2904,中和,流出率,0.2787754075451424
R7,29,奈良県,2905,南和,流入率,0.21394729877737462
R7,29,奈良県,2905,南和,流出率,0.47575271547108977
R7,30,和歌山県,3001,和歌山,流入率,0.2618685126173157
R7,30,和歌山県,3001,和歌山,流出率,0.048585298385076525
R7,30,和歌山県,3002,那賀,流入率,0.20315391391910276
R7,30,和歌山県,3002,那賀,流出率,0.5803169870255344
R7,30,和歌山県,3003,橋本,流入率,0.14852109483347442
R7,30,和歌山県,3003,橋本,流出率,0.35704552464399986
R7,30,和歌山県,3004,有田,流入率,0.11129761147250739
R7,30,和歌山県,3004,有田,流出率,0.6430877933700758
R7,30,和歌山県,3005,御坊,流入率,0.14263582518936035
R7,30,和歌山県,3005,御坊,流出率,0.30189296773942265
R7,30,和歌山県,3006,田辺,流入率,0.1378576126064398
R7,30,和歌山県,3006,田辺,流出率,0.1493163888866582
R7,30,和歌山県,3007,新宮,流入率,0.13467831695676136
R7,30,和歌山県,3007,新宮,流出率,0.29078687060038855
R7,31,鳥取県,3101,東部,流入率,0.10010166376183638
R7,31,鳥取県,3101,東部,流出率,0.06939469600756598
R7,31,鳥取県,3102,中部,流入率,0.059466555079056294
R7,31,鳥取県,3102,中部,流出率,0.20299576501946615
R7,31,鳥取県,3103,西部,流入率,0.20532271605433916
R7,31,鳥取県,3103,西部,流出率,0.03333860611146999
R7,32,島根県,3201,松江,流入率,0.10443940167555732
R7,32,島根県,3201,松江,流出率,0.18434632086694613
R7,32,島根県,3202,雲南,流入率,0.02912841585885273
R7,32,島根県,3202,雲南,流出率,0.4528201654503121
R7,32,島根県,3203,出雲,流入率,0.31499768474385625
R7,32,島根県,3203,出雲,流出率,0.033402216255954076
R7,32,島根県,3204,大田,流入率,0.06243650198955253
R7,32,島根県,3204,大田,流出率,0.48887940451782275
R7,32,島根県,3205,浜田,流入率,0.09832955506844354
R7,32,島根県,3205,浜田,流出率,0.2862985392387183
R7,32,島根県,3206,益田,流入率,0.1291676715568788
R7,32,島根県,3206,益田,流出率,0.24622950600957916
R7,32,島根県,3207,隠岐,流入率,0.014891061172464415
R7,32,島根県,3207,隠岐,流出率,0.617828291369015
R7,33,岡山県,3301,県南東部,流入率,0.17763842125329954
R7,33,岡山県,3301,県南東部,流出率,0.08146035861035383
R7,33,岡山県,3302,県南西部,流入率,0.17776485263121222
R7,33,岡山県,3302,県南西部,流出率,0.12606622457533512
R7,33,岡山県,3303,高梁・新見,流入率,0.06435367358950872
R7,33,岡山県,3303,高梁・新見,流出率,0.5589622365317546
R7,33,岡山県,3304,真庭,流入率,0.19856475307072563
R7,33,岡山県,3304,真庭,流出率,0.6872862623808063
R7,33,岡山県,3305,津山・英田,流入率,0.10161166655931708
R7,33,岡山県,3305,津山・英田,流出率,0.27446413246047074
R7,34,広島県,3401,広島,流入率,0.1198114846183389
R7,34,広島県,3401,広島,流出率,0.08134882031897228
R7,34,広島県,3402,広島西,流入率,0.38388897781433673
R7,34,広島県,3402,広島西,流出率,0.324883593746795
R7,34,広島県,3403,呉,流入率,0.12834386933310604
R7,34,広島県,3403,呉,流出率,0.10391335565265414
R7,34,広島県,3404,広島中央,流入率,0.12007891407906734
R7,34,広島県,3404,広島中央,流出率,0.26681640640306203
R7,34,広島県,3405,尾三,流入率,0.16695545710931847
R7,34,広島県,3405,尾三,流出率,0.19275202307660666
R7,34,広島県,3406,福山・府中,流入率,0.11828314315326671
R7,34,広島県,3406,福山・府中,流出率,0.12201573377180597
R7,34,広島県,3407,備北,流入率,0.1295435585198178
R7,34,広島県,3407,備北,流出率,0.18310167455674609
R7,35,山口県,3501,岩国,流入率,0.15420863586243772
R7,35,山口県,3501,岩国,流出率,0.24536937855787022
R7,35,山口県,3502,柳井,流入率,0.14042306543946026
R7,35,山口県,3502,柳井,流出率,0.38612168830683824
R7,35,山口県,3503,周南,流入率,0.1160822759995005
R7,35,山口県,3503,周南,流出率,0.14626910324854403
R7,35,山口県,3504,山口・防府,流入率,0.15277860922408915
R7,35,山口県,3504,山口・防府,流出率,0.15257258089873937
R7,35,山口県,3505,宇部・小野田,流入率,0.23907543429264488
R7,35,山口県,3505,宇部・小野田,流出率,0.0912055306669709
R7,35,山口県,3506,下関,流入率,0.03498475935875811
R7,35,山口県,3506,下関,流出率,0.10330044676715766
R7,35,山口県,3507,長門,流入率,0.15078261868445342
R7,35,山口県,3507,長門,流出率,0.18349970028602358
R7,35,山口県,3508,萩,流入率,0.05516181004850296
R7,35,山口県,3508,萩,流出率,0.45973987048584697
R7,36,徳島県,3601,東部,流入率,0.1450566590173319
R7,36,徳島県,3601,東部,流出率,0.11318253366293074
R7,36,徳島県,3603,南部,流入率,0.28370002243328596
R7,36,徳島県,3603,南部,流出率,0.20057333276967826
R7,36,徳島県,3605,西部,流入率,0.04107938141846079
R7,36,徳島県,3605,西部,流出率,0.4414440348324701
R7,37,香川県,3702,小豆,流入率,0.016882581384048634
R7,37,香川県,3702,小豆,流出率,0.4662072005446791
R7,37,香川県,3706,東部,流入率,0.13630215558353764
R7,37,香川県,3706,東部,流出率,0.0629687487828351
R7,37,香川県,3707,西部,流入率,0.08212260571676855
R7,37,香川県,3707,西部,流出率,0.1769903952202716
R7,38,愛媛県,3801,宇摩,流入率,0.08323386420661116
R7,38,愛媛県,3801,宇摩,流出率,0.38482007607175817
R7,38,愛媛県,3802,新居浜・西条,流入率,0.08454534409350323
R7,38,愛媛県,3802,新居浜・西条,流出率,0.2280773312067198
R7,38,愛媛県,3803,今治,流入率,0.04508686706661069
R7,38,愛媛県,3803,今治,流出率,0.2206556315231094
R7,38,愛媛県,3804,松山,流入率,0.20458903061202305
R7,38,愛媛県,3804,松山,流出率,0.02317853946306281
R7,38,愛媛県,3805,八幡浜・大洲,流入率,0.03273623855211505
R7,38,愛媛県,3805,八幡浜・大洲,流出率,0.35310559069789005
R7,38,愛媛県,3806,宇和島,流入率,0.15862774830214577
R7,38,愛媛県,3806,宇和島,流出率,0.14527887381951998
R7,39,高知県,3901,安芸,流入率,0.027072829316765912
R7,39,高知県,3901,安芸,流出率,0.4909428823077817
R7,39,高知県,3902,中央,流入率,0.14159542167293793
R7,39,高知県,3902,中央,流出率,0.023336195516226677
R7,39,高知県,3903,高幡,流入率,0.0752055111683595
R7,39,高知県,3903,高幡,流出率,0.5906528756401979
R7,39,高知県,3904,幡多,流入率,0.04453930175157783
R7,39,高知県,3904,幡多,流出率,0.33168598325253007
R7,40,福岡県,4001,福岡・糸島,流入率,0.27779284694711903
R7,40,福岡県,4001,福岡・糸島,流出率,0.0870255673703999
R7,40,福岡県,4002,粕屋,流入率,0.4115422245582818
R7,40,福岡県,4002,粕屋,流出率,0.5752633360964714
R7,40,福岡県,4003,宗像,流入率,0.16182208165788958
R7,40,福岡県,4003,宗像,流出率,0.5641253440965375
R7,40,福岡県,4004,筑紫,流入率,0.28650380558324806
R7,40,福岡県,4004,筑紫,流出率,0.4139806941014449
R7,40,福岡県,4005,朝倉,流入率,0.21889160976520128
R7,40,福岡県,4005,朝倉,流出率,0.5448390102443487
R7,40,福岡県,4006,久留米,流入率,0.40052538033032803
R7,40,福岡県,4006,久留米,流出率,0.16405719136852281
R7,40,福岡県,4007,八女・筑後,流入率,0.2533649332413146
R7,40,福岡県,4007,八女・筑後,流出率,0.34865520869496913
R7,40,福岡県,4008,有明,流入率,0.1695936277828718
R7,40,福岡県,4008,有明,流出率,0.2939181981204939
R7,40,福岡県,4009,飯塚,流入率,0.35934330644439905
R7,40,福岡県,4009,飯塚,流出率,0.15811512374225423
R7,40,福岡県,4010,直方・鞍手,流入率,0.23823648190938485
R7,40,福岡県,4010,直方・鞍手,流出率,0.5794044242969758
R7,40,福岡県,4011,田川,流入率,0.06941120973260861
R7,40,福岡県,4011,田川,流出率,0.4758125597514553
R7,40,福岡県,4012,北九州,流入率,0.14005276451019444
R7,40,福岡県,4012,北九州,流出率,0.05242355319971781
R7,40,福岡県,4013,京築,流入率,0.11188975180932714
R7,40,福岡県,4013,京築,流出率,0.5088393089775454
R7,41,佐賀県,4101,中部,流入率,0.2186498542687194
R7,41,佐賀県,4101,中部,流出率,0.098265833982211
R7,41,佐賀県,4102,東部,流入率,0.2208656936217056
R7,41,佐賀県,4102,東部,流出率,0.5977845363897112
R7,41,佐賀県,4103,北部,流入率,0.09344364754403978
R7,41,佐賀県,4103,北部,流出率,0.18820414688677334
R7,41,佐賀県,4104,西部,流入率,0.13975485572029134
R7,41,佐賀県,4104,西部,流出率,0.49614948518104274
R7,41,佐賀県,4105,南部,流入率,0.23277664209255844
R7,41,佐賀県,4105,南部,流出率,0.24500493587055294
R7,42,長崎県,4201,長崎,流入率,0.10794332919686955
R7,42,長崎県,4201,長崎,流出率,0.06659605274018043
R7,42,長崎県,4202,佐世保県北,流入率,0.10659266142571033
R7,42,長崎県,4202,佐世保県北,流出率,0.10032863190458219
R7,42,長崎県,4203,県央,流入率,0.2437859885433149
R7,42,長崎県,4203,県央,流出率,0.21449170920212146
R7,42,長崎県,4204,県南,流入率,0.06850713554865284
R7,42,長崎県,4204,県南,流出率,0.3806937769371277
R7,42,長崎県,4206,五島,流入率,0.016954115337353803
R7,42,長崎県,4206,五島,流出率,0.2809185412953784
R7,42,長崎県,4207,上五島,流入率,0.011135416573508361
R7,42,長崎県,4207,上五島,流出率,0.4724649507248645
R7,42,長崎県,4208,壱岐,流入率,0.017470610256896224
R7,42,長崎県,4208,壱岐,流出率,0.4631737271896632
R7,42,長崎県,4209,対馬,流入率,0.007011433980776749
R7,42,長崎県,4209,対馬,流出率,0.38051949726382495
R7,43,熊本県,4302,宇城,流入率,0.19160175036931548
R7,43,熊本県,4302,宇城,流出率,0.6390999157839382
R7,43,熊本県,4303,有明,流入率,0.12005972927817954
R7,43,熊本県,4303,有明,流出率,0.42910329619972776
R7,43,熊本県,4304,鹿本,流入率,0.15351640293977897
R7,43,熊本県,4304,鹿本,流出率,0.42652574476637095
R7,43,熊本県,4305,菊池,流入率,0.3314299030234673
R7,43,熊本県,4305,菊池,流出率,0.6137336490327947
R7,43,熊本県,4306,阿蘇,流入率,0.047945983528266733
R7,43,熊本県,4306,阿蘇,流出率,0.6400211058625728
R7,43,熊本県,4308,八代,流入率,0.195822914228443
R7,43,熊本県,4308,八代,流出率,0.14157523981899822
R7,43,熊本県,4309,芦北,流入率,0.15988207832391343
R7,43,熊本県,4309,芦北,流出率,0.3991021924015423
R7,43,熊本県,4310,球磨,流入率,0.12131357628131145
R7,43,熊本県,4310,球磨,流出率,0.2225391001558742
R7,43,熊本県,4311,天草,流入率,0.01615284215541024
R7,43,熊本県,4311,天草,流出率,0.33642365892780624
R7,43,熊本県,4312,熊本・上益城,流入率,0.3568207446407472
R7,43,熊本県,4312,熊本・上益城,流出率,0.05651110009402549
R7,44,大分県,4401,東部,流入率,0.16599974134697737
R7,44,大分県,4401,東部,流出率,0.1408503105543082
R7,44,大分県,4403,中部,流入率,0.18334203667044868
R7,44,大分県,4403,中部,流出率,0.05430065672738604
R7,44,大分県,4405,南部,流入率,0.060362876546057875
R7,44,大分県,4405,南部,流出率,0.2138352637373827
R7,44,大分県,4406,豊肥,流入率,0.07787960702540286
R7,44,大分県,4406,豊肥,流出率,0.4811483960564582
R7,44,大分県,4408,西部,流入率,0.11447795914212144
R7,44,大分県,4408,西部,流出率,0.30431542150122326
R7,44,大分県,4409,北部,流入率,0.15756568122971515
R7,44,大分県,4409,北部,流出率,0.29720447706070063
R7,45,宮崎県,4501,宮崎東諸県,流入率,0.3021079408723827
R7,45,宮崎県,4501,宮崎東諸県,流出率,0.0429634243788134
R7,45,宮崎県,4502,都城北諸県,流入率,0.22276685504019933
R7,45,宮崎県,4502,都城北諸県,流出率,0.161918629974672
R7,45,宮崎県,4503,延岡西臼杵,流入率,0.14446709473232633
R7,45,宮崎県,4503,延岡西臼杵,流出率,0.1789077915352354
R7,45,宮崎県,4504,日南串間,流入率,0.029763895349095404
R7,45,宮崎県,4504,日南串間,流出率,0.2804566221599877
R7,45,宮崎県,4505,西諸,流入率,0.09917276724082214
R7,45,宮崎県,4505,西諸,流出率,0.3473344977413436
R7,45,宮崎県,4506,西都児湯,流入率,0.06148943856892697
R7,45,宮崎県,4506,西都児湯,流出率,0.5466783550894292
R7,45,宮崎県,4507,日向入郷,流入率,0.08131415466066694
R7,45,宮崎県,4507,日向入郷,流出率,0.43011560804618876
R7,46,鹿児島県,4601,鹿児島,流入率,0.27414447053722135
R7,46,鹿児島県,4601,鹿児島,流出率,0.039802999707245434
R7,46,鹿児島県,4603,南薩,流入率,0.058146153499031406
R7,46,鹿児島県,4603,南薩,流出率,0.3908657796866527
R7,46,鹿児島県,4605,川薩,流入率,0.1503287357003511
R7,46,鹿児島県,4605,川薩,流出率,0.3200853517186789
R7,46,鹿児島県,4606,出水,流入率,0.034682548664619395
R7,46,鹿児島県,4606,出水,流出率,0.365455220002329
R7,46,鹿児島県,4607,姶良・伊佐,流入率,0.11096820069538516
R7,46,鹿児島県,4607,姶良・伊佐,流出率,0.3227924468764456
R7,46,鹿児島県,4609,曽於,流入率,0.08102161984070377
R7,46,鹿児島県,4609,曽於,流出率,0.6714708972189086
R7,46,鹿児島県,4610,肝属,流入率,0.1921016386531188
R7,46,鹿児島県,4610,肝属,流出率,0.22690143965390352
R7,46,鹿児島県,4611,熊毛,流入率,0.022357640882519347
R7,46,鹿児島県,4611,熊毛,流出率,0.4970542338573015
R7,46,鹿児島県,4612,奄美,流入率,0.017749295897165673
R7,46,鹿児島県,4612,奄美,流出率,0.19429208711470092
R7,47,沖縄県,4701,北部,流入率,0.06269675773240913
R7,47,沖縄県,4701,北部,流出率,0.3189692873664052
R7,47,沖縄県,4702,中部,流入率,0.2284831308833586
R7,47,沖縄県,4702,中部,流出率,0.26350391996867206
R7,47,沖縄県,4703,南部,流入率,0.17424837824649608
R7,47,沖縄県,4703,南部,流出率,0.09607474900910384
R7,47,沖縄県,4704,宮古,流入率,0.033913451511503045
R7,47,沖縄県,4704,宮古,流出率,0.25165529281056465
R7,47,沖縄県,4705,八重山,流入率,0.038941297147414566
R7,47,沖縄県,4705,八重山,流出率,0.25456213511941195
