published_fy,pref_code,pref_name,bed_function,series,year,beds
R7,00,全国,合計,実績,2015,1250751
R7,00,全国,合計,実績,2018,1252700
R7,00,全国,合計,実績,2019,1232586
R7,00,全国,合計,実績,2020,1208850
R7,00,全国,合計,実績,2021,1209557
R7,00,全国,合計,実績,2022,1198648
R7,00,全国,合計,実績,2023,1191689
R7,00,全国,合計,実績,2024,1178456
R7,00,全国,合計,実績,2025,1163779
R7,00,全国,合計,見込量,2026,1153234
R7,00,全国,合計,必要数,2025,1190821
R7,00,全国,高度急性期,実績,2015,169466
R7,00,全国,高度急性期,実績,2018,159612
R7,00,全国,高度急性期,実績,2019,158150
R7,00,全国,高度急性期,実績,2020,155991
R7,00,全国,高度急性期,実績,2021,155243
R7,00,全国,高度急性期,実績,2022,157261
R7,00,全国,高度急性期,実績,2023,159530
R7,00,全国,高度急性期,実績,2024,157639
R7,00,全国,高度急性期,実績,2025,160140
R7,00,全国,高度急性期,見込量,2026,160749
R7,00,全国,高度急性期,必要数,2025,130455
R7,00,全国,急性期,実績,2015,596137
R7,00,全国,急性期,実績,2018,570850
R7,00,全国,急性期,実績,2019,552880
R7,00,全国,急性期,実績,2020,546798
R7,00,全国,急性期,実績,2021,549279
R7,00,全国,急性期,実績,2022,533476
R7,00,全国,急性期,実績,2023,525400
R7,00,全国,急性期,実績,2024,515205
R7,00,全国,急性期,実績,2025,500106
R7,00,全国,急性期,見込量,2026,493194
R7,00,全国,急性期,必要数,2025,400632
R7,00,全国,回復期,実績,2015,130481
R7,00,全国,回復期,実績,2018,172394
R7,00,全国,回復期,実績,2019,186285
R7,00,全国,回復期,実績,2020,189391
R7,00,全国,回復期,実績,2021,192956
R7,00,全国,回復期,実績,2022,199495
R7,00,全国,回復期,実績,2023,203999
R7,00,全国,回復期,実績,2024,206699
R7,00,全国,回復期,実績,2025,210775
R7,00,全国,回復期,見込量,2026,213421
R7,00,全国,回復期,必要数,2025,375246
R7,00,全国,慢性期,実績,2015,354667
R7,00,全国,慢性期,実績,2018,349844
R7,00,全国,慢性期,実績,2019,335271
R7,00,全国,慢性期,実績,2020,316670
R7,00,全国,慢性期,実績,2021,312079
R7,00,全国,慢性期,実績,2022,308416
R7,00,全国,慢性期,実績,2023,302760
R7,00,全国,慢性期,実績,2024,298913
R7,00,全国,慢性期,実績,2025,292758
R7,00,全国,慢性期,見込量,2026,285870
R7,00,全国,慢性期,必要数,2025,284488
R7,01,北海道,合計,実績,2015,77329
R7,01,北海道,合計,実績,2018,76252
R7,01,北海道,合計,実績,2019,75135
R7,01,北海道,合計,実績,2020,72614
R7,01,北海道,合計,実績,2021,73145
R7,01,北海道,合計,実績,2022,71954
R7,01,北海道,合計,実績,2023,71409
R7,01,北海道,合計,実績,2024,70682
R7,01,北海道,合計,実績,2025,69585
R7,01,北海道,合計,見込量,2026,68010
R7,01,北海道,合計,必要数,2025,73190
R7,01,北海道,高度急性期,実績,2015,7778
R7,01,北海道,高度急性期,実績,2018,5823
R7,01,北海道,高度急性期,実績,2019,6799
R7,01,北海道,高度急性期,実績,2020,6001
R7,01,北海道,高度急性期,実績,2021,5907
R7,01,北海道,高度急性期,実績,2022,6340
R7,01,北海道,高度急性期,実績,2023,6587
R7,01,北海道,高度急性期,実績,2024,6216
R7,01,北海道,高度急性期,実績,2025,5731
R7,01,北海道,高度急性期,見込量,2026,6322
R7,01,北海道,高度急性期,必要数,2025,7350
R7,01,北海道,急性期,実績,2015,36851
R7,01,北海道,急性期,実績,2018,36803
R7,01,北海道,急性期,実績,2019,34536
R7,01,北海道,急性期,実績,2020,34190
R7,01,北海道,急性期,実績,2021,34284
R7,01,北海道,急性期,実績,2022,33009
R7,01,北海道,急性期,実績,2023,32379
R7,01,北海道,急性期,実績,2024,31562
R7,01,北海道,急性期,実績,2025,30850
R7,01,北海道,急性期,見込量,2026,29697
R7,01,北海道,急性期,必要数,2025,21926
R7,01,北海道,回復期,実績,2015,5899
R7,01,北海道,回復期,実績,2018,7395
R7,01,北海道,回復期,実績,2019,8431
R7,01,北海道,回復期,実績,2020,8382
R7,01,北海道,回復期,実績,2021,8549
R7,01,北海道,回復期,実績,2022,8794
R7,01,北海道,回復期,実績,2023,9217
R7,01,北海道,回復期,実績,2024,9609
R7,01,北海道,回復期,実績,2025,10412
R7,01,北海道,回復期,見込量,2026,10293
R7,01,北海道,回復期,必要数,2025,20431
R7,01,北海道,慢性期,実績,2015,26801
R7,01,北海道,慢性期,実績,2018,26231
R7,01,北海道,慢性期,実績,2019,25369
R7,01,北海道,慢性期,実績,2020,24041
R7,01,北海道,慢性期,実績,2021,24405
R7,01,北海道,慢性期,実績,2022,23811
R7,01,北海道,慢性期,実績,2023,23226
R7,01,北海道,慢性期,実績,2024,23295
R7,01,北海道,慢性期,実績,2025,22592
R7,01,北海道,慢性期,見込量,2026,21698
R7,01,北海道,慢性期,必要数,2025,23483
R7,02,青森県,合計,実績,2015,14028
R7,02,青森県,合計,実績,2018,13677
R7,02,青森県,合計,実績,2019,13321
R7,02,青森県,合計,実績,2020,13208
R7,02,青森県,合計,実績,2021,12607
R7,02,青森県,合計,実績,2022,12493
R7,02,青森県,合計,実績,2023,12449
R7,02,青森県,合計,実績,2024,12053
R7,02,青森県,合計,実績,2025,11673
R7,02,青森県,合計,見込量,2026,11628
R7,02,青森県,合計,必要数,2025,11827
R7,02,青森県,高度急性期,実績,2015,1425
R7,02,青森県,高度急性期,実績,2018,1352
R7,02,青森県,高度急性期,実績,2019,1288
R7,02,青森県,高度急性期,実績,2020,1288
R7,02,青森県,高度急性期,実績,2021,1284
R7,02,青森県,高度急性期,実績,2022,1276
R7,02,青森県,高度急性期,実績,2023,1248
R7,02,青森県,高度急性期,実績,2024,1250
R7,02,青森県,高度急性期,実績,2025,1186
R7,02,青森県,高度急性期,見込量,2026,1217
R7,02,青森県,高度急性期,必要数,2025,1157
R7,02,青森県,急性期,実績,2015,7721
R7,02,青森県,急性期,実績,2018,7245
R7,02,青森県,急性期,実績,2019,7012
R7,02,青森県,急性期,実績,2020,6903
R7,02,青森県,急性期,実績,2021,6728
R7,02,青森県,急性期,実績,2022,6613
R7,02,青森県,急性期,実績,2023,6474
R7,02,青森県,急性期,実績,2024,6133
R7,02,青森県,急性期,実績,2025,5800
R7,02,青森県,急性期,見込量,2026,5740
R7,02,青森県,急性期,必要数,2025,4070
R7,02,青森県,回復期,実績,2015,1594
R7,02,青森県,回復期,実績,2018,2087
R7,02,青森県,回復期,実績,2019,2203
R7,02,青森県,回復期,実績,2020,2164
R7,02,青森県,回復期,実績,2021,2114
R7,02,青森県,回復期,実績,2022,2100
R7,02,青森県,回復期,実績,2023,2247
R7,02,青森県,回復期,実績,2024,2191
R7,02,青森県,回復期,実績,2025,2279
R7,02,青森県,回復期,見込量,2026,2343
R7,02,青森県,回復期,必要数,2025,4238
R7,02,青森県,慢性期,実績,2015,3288
R7,02,青森県,慢性期,実績,2018,2993
R7,02,青森県,慢性期,実績,2019,2818
R7,02,青森県,慢性期,実績,2020,2853
R7,02,青森県,慢性期,実績,2021,2481
R7,02,青森県,慢性期,実績,2022,2504
R7,02,青森県,慢性期,実績,2023,2480
R7,02,青森県,慢性期,実績,2024,2479
R7,02,青森県,慢性期,実績,2025,2408
R7,02,青森県,慢性期,見込量,2026,2328
R7,02,青森県,慢性期,必要数,2025,2362
R7,03,岩手県,合計,実績,2015,13125
R7,03,岩手県,合計,実績,2018,12872
R7,03,岩手県,合計,実績,2019,12623
R7,03,岩手県,合計,実績,2020,12674
R7,03,岩手県,合計,実績,2021,12759
R7,03,岩手県,合計,実績,2022,12516
R7,03,岩手県,合計,実績,2023,12586
R7,03,岩手県,合計,実績,2024,11553
R7,03,岩手県,合計,実績,2025,11340
R7,03,岩手県,合計,見込量,2026,10947
R7,03,岩手県,合計,必要数,2025,10676
R7,03,岩手県,高度急性期,実績,2015,1413
R7,03,岩手県,高度急性期,実績,2018,1390
R7,03,岩手県,高度急性期,実績,2019,1314
R7,03,岩手県,高度急性期,実績,2020,1322
R7,03,岩手県,高度急性期,実績,2021,1264
R7,03,岩手県,高度急性期,実績,2022,1274
R7,03,岩手県,高度急性期,実績,2023,1322
R7,03,岩手県,高度急性期,実績,2024,1382
R7,03,岩手県,高度急性期,実績,2025,1355
R7,03,岩手県,高度急性期,見込量,2026,1261
R7,03,岩手県,高度急性期,必要数,2025,1030
R7,03,岩手県,急性期,実績,2015,6588
R7,03,岩手県,急性期,実績,2018,6080
R7,03,岩手県,急性期,実績,2019,5862
R7,03,岩手県,急性期,実績,2020,5496
R7,03,岩手県,急性期,実績,2021,5474
R7,03,岩手県,急性期,実績,2022,5093
R7,03,岩手県,急性期,実績,2023,5099
R7,03,岩手県,急性期,実績,2024,4401
R7,03,岩手県,急性期,実績,2025,4560
R7,03,岩手県,急性期,見込量,2026,4359
R7,03,岩手県,急性期,必要数,2025,3333
R7,03,岩手県,回復期,実績,2015,1707
R7,03,岩手県,回復期,実績,2018,2244
R7,03,岩手県,回復期,実績,2019,2336
R7,03,岩手県,回復期,実績,2020,2850
R7,03,岩手県,回復期,実績,2021,2891
R7,03,岩手県,回復期,実績,2022,2970
R7,03,岩手県,回復期,実績,2023,3150
R7,03,岩手県,回復期,実績,2024,2974
R7,03,岩手県,回復期,実績,2025,2917
R7,03,岩手県,回復期,見込量,2026,2939
R7,03,岩手県,回復期,必要数,2025,3696
R7,03,岩手県,慢性期,実績,2015,3417
R7,03,岩手県,慢性期,実績,2018,3158
R7,03,岩手県,慢性期,実績,2019,3111
R7,03,岩手県,慢性期,実績,2020,3006
R7,03,岩手県,慢性期,実績,2021,3130
R7,03,岩手県,慢性期,実績,2022,3179
R7,03,岩手県,慢性期,実績,2023,3015
R7,03,岩手県,慢性期,実績,2024,2796
R7,03,岩手県,慢性期,実績,2025,2508
R7,03,岩手県,慢性期,見込量,2026,2388
R7,03,岩手県,慢性期,必要数,2025,2617
R7,04,宮城県,合計,実績,2015,20012
R7,04,宮城県,合計,実績,2018,19957
R7,04,宮城県,合計,実績,2019,19962
R7,04,宮城県,合計,実績,2020,19557
R7,04,宮城県,合計,実績,2021,19214
R7,04,宮城県,合計,実績,2022,19196
R7,04,宮城県,合計,実績,2023,18978
R7,04,宮城県,合計,実績,2024,18636
R7,04,宮城県,合計,実績,2025,18746
R7,04,宮城県,合計,見込量,2026,18646
R7,04,宮城県,合計,必要数,2025,18781
R7,04,宮城県,高度急性期,実績,2015,3039
R7,04,宮城県,高度急性期,実績,2018,2463
R7,04,宮城県,高度急性期,実績,2019,2278
R7,04,宮城県,高度急性期,実績,2020,2015
R7,04,宮城県,高度急性期,実績,2021,2091
R7,04,宮城県,高度急性期,実績,2022,2053
R7,04,宮城県,高度急性期,実績,2023,2017
R7,04,宮城県,高度急性期,実績,2024,2028
R7,04,宮城県,高度急性期,実績,2025,2092
R7,04,宮城県,高度急性期,見込量,2026,2060
R7,04,宮城県,高度急性期,必要数,2025,2265
R7,04,宮城県,急性期,実績,2015,10948
R7,04,宮城県,急性期,実績,2018,10952
R7,04,宮城県,急性期,実績,2019,10761
R7,04,宮城県,急性期,実績,2020,10791
R7,04,宮城県,急性期,実績,2021,10439
R7,04,宮城県,急性期,実績,2022,10431
R7,04,宮城県,急性期,実績,2023,10058
R7,04,宮城県,急性期,実績,2024,9694
R7,04,宮城県,急性期,実績,2025,9510
R7,04,宮城県,急性期,見込量,2026,9501
R7,04,宮城県,急性期,必要数,2025,6604
R7,04,宮城県,回復期,実績,2015,1792
R7,04,宮城県,回復期,実績,2018,2320
R7,04,宮城県,回復期,実績,2019,2541
R7,04,宮城県,回復期,実績,2020,2645
R7,04,宮城県,回復期,実績,2021,2763
R7,04,宮城県,回復期,実績,2022,2669
R7,04,宮城県,回復期,実績,2023,2942
R7,04,宮城県,回復期,実績,2024,2966
R7,04,宮城県,回復期,実績,2025,3131
R7,04,宮城県,回復期,見込量,2026,3169
R7,04,宮城県,回復期,必要数,2025,6005
R7,04,宮城県,慢性期,実績,2015,4233
R7,04,宮城県,慢性期,実績,2018,4222
R7,04,宮城県,慢性期,実績,2019,4382
R7,04,宮城県,慢性期,実績,2020,4106
R7,04,宮城県,慢性期,実績,2021,3921
R7,04,宮城県,慢性期,実績,2022,4043
R7,04,宮城県,慢性期,実績,2023,3961
R7,04,宮城県,慢性期,実績,2024,3948
R7,04,宮城県,慢性期,実績,2025,4013
R7,04,宮城県,慢性期,見込量,2026,3916
R7,04,宮城県,慢性期,必要数,2025,3907
R7,05,秋田県,合計,実績,2015,11296
R7,05,秋田県,合計,実績,2018,10956
R7,05,秋田県,合計,実績,2019,10523
R7,05,秋田県,合計,実績,2020,10407
R7,05,秋田県,合計,実績,2021,10214
R7,05,秋田県,合計,実績,2022,10158
R7,05,秋田県,合計,実績,2023,9971
R7,05,秋田県,合計,実績,2024,9752
R7,05,秋田県,合計,実績,2025,9317
R7,05,秋田県,合計,見込量,2026,9247
R7,05,秋田県,合計,必要数,2025,9143
R7,05,秋田県,高度急性期,実績,2015,675
R7,05,秋田県,高度急性期,実績,2018,729
R7,05,秋田県,高度急性期,実績,2019,632
R7,05,秋田県,高度急性期,実績,2020,632
R7,05,秋田県,高度急性期,実績,2021,630
R7,05,秋田県,高度急性期,実績,2022,630
R7,05,秋田県,高度急性期,実績,2023,630
R7,05,秋田県,高度急性期,実績,2024,619
R7,05,秋田県,高度急性期,実績,2025,597
R7,05,秋田県,高度急性期,見込量,2026,586
R7,05,秋田県,高度急性期,必要数,2025,902
R7,05,秋田県,急性期,実績,2015,6559
R7,05,秋田県,急性期,実績,2018,5927
R7,05,秋田県,急性期,実績,2019,5801
R7,05,秋田県,急性期,実績,2020,5745
R7,05,秋田県,急性期,実績,2021,5558
R7,05,秋田県,急性期,実績,2022,5584
R7,05,秋田県,急性期,実績,2023,5396
R7,05,秋田県,急性期,実績,2024,5258
R7,05,秋田県,急性期,実績,2025,5004
R7,05,秋田県,急性期,見込量,2026,4942
R7,05,秋田県,急性期,必要数,2025,3255
R7,05,秋田県,回復期,実績,2015,1186
R7,05,秋田県,回復期,実績,2018,1440
R7,05,秋田県,回復期,実績,2019,1497
R7,05,秋田県,回復期,実績,2020,1527
R7,05,秋田県,回復期,実績,2021,1632
R7,05,秋田県,回復期,実績,2022,1694
R7,05,秋田県,回復期,実績,2023,1691
R7,05,秋田県,回復期,実績,2024,1596
R7,05,秋田県,回復期,実績,2025,1466
R7,05,秋田県,回復期,見込量,2026,1546
R7,05,秋田県,回復期,必要数,2025,2544
R7,05,秋田県,慢性期,実績,2015,2876
R7,05,秋田県,慢性期,実績,2018,2860
R7,05,秋田県,慢性期,実績,2019,2593
R7,05,秋田県,慢性期,実績,2020,2503
R7,05,秋田県,慢性期,実績,2021,2394
R7,05,秋田県,慢性期,実績,2022,2250
R7,05,秋田県,慢性期,実績,2023,2254
R7,05,秋田県,慢性期,実績,2024,2279
R7,05,秋田県,慢性期,実績,2025,2250
R7,05,秋田県,慢性期,見込量,2026,2173
R7,05,秋田県,慢性期,必要数,2025,2442
R7,06,山形県,合計,実績,2015,11423
R7,06,山形県,合計,実績,2018,11056
R7,06,山形県,合計,実績,2019,10971
R7,06,山形県,合計,実績,2020,10857
R7,06,山形県,合計,実績,2021,10775
R7,06,山形県,合計,実績,2022,10668
R7,06,山形県,合計,実績,2023,10570
R7,06,山形県,合計,実績,2024,10058
R7,06,山形県,合計,実績,2025,9834
R7,06,山形県,合計,見込量,2026,9792
R7,06,山形県,合計,必要数,2025,9267
R7,06,山形県,高度急性期,実績,2015,1153
R7,06,山形県,高度急性期,実績,2018,1322
R7,06,山形県,高度急性期,実績,2019,1165
R7,06,山形県,高度急性期,実績,2020,844
R7,06,山形県,高度急性期,実績,2021,625
R7,06,山形県,高度急性期,実績,2022,632
R7,06,山形県,高度急性期,実績,2023,692
R7,06,山形県,高度急性期,実績,2024,939
R7,06,山形県,高度急性期,実績,2025,939
R7,06,山形県,高度急性期,見込量,2026,1026
R7,06,山形県,高度急性期,必要数,2025,933
R7,06,山形県,急性期,実績,2015,6170
R7,06,山形県,急性期,実績,2018,5286
R7,06,山形県,急性期,実績,2019,5324
R7,06,山形県,急性期,実績,2020,5338
R7,06,山形県,急性期,実績,2021,5503
R7,06,山形県,急性期,実績,2022,5357
R7,06,山形県,急性期,実績,2023,5251
R7,06,山形県,急性期,実績,2024,4708
R7,06,山形県,急性期,実績,2025,4378
R7,06,山形県,急性期,見込量,2026,4318
R7,06,山形県,急性期,必要数,2025,3121
R7,06,山形県,回復期,実績,2015,1665
R7,06,山形県,回復期,実績,2018,2126
R7,06,山形県,回復期,実績,2019,2133
R7,06,山形県,回復期,実績,2020,2264
R7,06,山形県,回復期,実績,2021,2303
R7,06,山形県,回復期,実績,2022,2378
R7,06,山形県,回復期,実績,2023,2353
R7,06,山形県,回復期,実績,2024,2153
R7,06,山形県,回復期,実績,2025,2260
R7,06,山形県,回復期,見込量,2026,2307
R7,06,山形県,回復期,必要数,2025,2938
R7,06,山形県,慢性期,実績,2015,2435
R7,06,山形県,慢性期,実績,2018,2322
R7,06,山形県,慢性期,実績,2019,2349
R7,06,山形県,慢性期,実績,2020,2411
R7,06,山形県,慢性期,実績,2021,2344
R7,06,山形県,慢性期,実績,2022,2301
R7,06,山形県,慢性期,実績,2023,2274
R7,06,山形県,慢性期,実績,2024,2258
R7,06,山形県,慢性期,実績,2025,2257
R7,06,山形県,慢性期,見込量,2026,2141
R7,06,山形県,慢性期,必要数,2025,2275
R7,07,福島県,合計,実績,2015,19043
R7,07,福島県,合計,実績,2018,18568
R7,07,福島県,合計,実績,2019,17323
R7,07,福島県,合計,実績,2020,17394
R7,07,福島県,合計,実績,2021,17608
R7,07,福島県,合計,実績,2022,17933
R7,07,福島県,合計,実績,2023,17391
R7,07,福島県,合計,実績,2024,17388
R7,07,福島県,合計,実績,2025,16681
R7,07,福島県,合計,見込量,2026,16787
R7,07,福島県,合計,必要数,2025,15397
R7,07,福島県,高度急性期,実績,2015,1212
R7,07,福島県,高度急性期,実績,2018,967
R7,07,福島県,高度急性期,実績,2019,986
R7,07,福島県,高度急性期,実績,2020,934
R7,07,福島県,高度急性期,実績,2021,929
R7,07,福島県,高度急性期,実績,2022,959
R7,07,福島県,高度急性期,実績,2023,940
R7,07,福島県,高度急性期,実績,2024,993
R7,07,福島県,高度急性期,実績,2025,891
R7,07,福島県,高度急性期,見込量,2026,921
R7,07,福島県,高度急性期,必要数,2025,1538
R7,07,福島県,急性期,実績,2015,11983
R7,07,福島県,急性期,実績,2018,11584
R7,07,福島県,急性期,実績,2019,10561
R7,07,福島県,急性期,実績,2020,10625
R7,07,福島県,急性期,実績,2021,11071
R7,07,福島県,急性期,実績,2022,10732
R7,07,福島県,急性期,実績,2023,10572
R7,07,福島県,急性期,実績,2024,10484
R7,07,福島県,急性期,実績,2025,9793
R7,07,福島県,急性期,見込量,2026,9732
R7,07,福島県,急性期,必要数,2025,5380
R7,07,福島県,回復期,実績,2015,1683
R7,07,福島県,回復期,実績,2018,1978
R7,07,福島県,回復期,実績,2019,2396
R7,07,福島県,回復期,実績,2020,2511
R7,07,福島県,回復期,実績,2021,2276
R7,07,福島県,回復期,実績,2022,2548
R7,07,福島県,回復期,実績,2023,2574
R7,07,福島県,回復期,実績,2024,2503
R7,07,福島県,回復期,実績,2025,2362
R7,07,福島県,回復期,見込量,2026,2465
R7,07,福島県,回復期,必要数,2025,5157
R7,07,福島県,慢性期,実績,2015,4165
R7,07,福島県,慢性期,実績,2018,4039
R7,07,福島県,慢性期,実績,2019,3380
R7,07,福島県,慢性期,実績,2020,3324
R7,07,福島県,慢性期,実績,2021,3332
R7,07,福島県,慢性期,実績,2022,3694
R7,07,福島県,慢性期,実績,2023,3305
R7,07,福島県,慢性期,実績,2024,3408
R7,07,福島県,慢性期,実績,2025,3635
R7,07,福島県,慢性期,見込量,2026,3669
R7,07,福島県,慢性期,必要数,2025,3322
R7,08,茨城県,合計,実績,2015,23886
R7,08,茨城県,合計,実績,2018,23143
R7,08,茨城県,合計,実績,2019,23749
R7,08,茨城県,合計,実績,2020,23772
R7,08,茨城県,合計,実績,2021,23583
R7,08,茨城県,合計,実績,2022,23231
R7,08,茨城県,合計,実績,2023,22897
R7,08,茨城県,合計,実績,2024,22156
R7,08,茨城県,合計,実績,2025,22197
R7,08,茨城県,合計,見込量,2026,21533
R7,08,茨城県,合計,必要数,2025,21755
R7,08,茨城県,高度急性期,実績,2015,1999
R7,08,茨城県,高度急性期,実績,2018,1827
R7,08,茨城県,高度急性期,実績,2019,1453
R7,08,茨城県,高度急性期,実績,2020,1396
R7,08,茨城県,高度急性期,実績,2021,1458
R7,08,茨城県,高度急性期,実績,2022,1634
R7,08,茨城県,高度急性期,実績,2023,1735
R7,08,茨城県,高度急性期,実績,2024,1483
R7,08,茨城県,高度急性期,実績,2025,1605
R7,08,茨城県,高度急性期,見込量,2026,1669
R7,08,茨城県,高度急性期,必要数,2025,2179
R7,08,茨城県,急性期,実績,2015,13777
R7,08,茨城県,急性期,実績,2018,12715
R7,08,茨城県,急性期,実績,2019,13082
R7,08,茨城県,急性期,実績,2020,13172
R7,08,茨城県,急性期,実績,2021,13015
R7,08,茨城県,急性期,実績,2022,12443
R7,08,茨城県,急性期,実績,2023,12172
R7,08,茨城県,急性期,実績,2024,11618
R7,08,茨城県,急性期,実績,2025,11245
R7,08,茨城県,急性期,見込量,2026,11084
R7,08,茨城県,急性期,必要数,2025,7445
R7,08,茨城県,回復期,実績,2015,1895
R7,08,茨城県,回復期,実績,2018,2624
R7,08,茨城県,回復期,実績,2019,2724
R7,08,茨城県,回復期,実績,2020,2860
R7,08,茨城県,回復期,実績,2021,2816
R7,08,茨城県,回復期,実績,2022,3238
R7,08,茨城県,回復期,実績,2023,3072
R7,08,茨城県,回復期,実績,2024,3390
R7,08,茨城県,回復期,実績,2025,3646
R7,08,茨城県,回復期,見込量,2026,3503
R7,08,茨城県,回復期,必要数,2025,7117
R7,08,茨城県,慢性期,実績,2015,6215
R7,08,茨城県,慢性期,実績,2018,5977
R7,08,茨城県,慢性期,実績,2019,6490
R7,08,茨城県,慢性期,実績,2020,6344
R7,08,茨城県,慢性期,実績,2021,6294
R7,08,茨城県,慢性期,実績,2022,5916
R7,08,茨城県,慢性期,実績,2023,5918
R7,08,茨城県,慢性期,実績,2024,5665
R7,08,茨城県,慢性期,実績,2025,5701
R7,08,茨城県,慢性期,見込量,2026,5277
R7,08,茨城県,慢性期,必要数,2025,5014
R7,09,栃木県,合計,実績,2015,17159
R7,09,栃木県,合計,実績,2018,17213
R7,09,栃木県,合計,実績,2019,16877
R7,09,栃木県,合計,実績,2020,16525
R7,09,栃木県,合計,実績,2021,16597
R7,09,栃木県,合計,実績,2022,17181
R7,09,栃木県,合計,実績,2023,16395
R7,09,栃木県,合計,実績,2024,16159
R7,09,栃木県,合計,実績,2025,16131
R7,09,栃木県,合計,見込量,2026,15677
R7,09,栃木県,合計,必要数,2025,15458
R7,09,栃木県,高度急性期,実績,2015,3231
R7,09,栃木県,高度急性期,実績,2018,3024
R7,09,栃木県,高度急性期,実績,2019,3008
R7,09,栃木県,高度急性期,実績,2020,3114
R7,09,栃木県,高度急性期,実績,2021,3072
R7,09,栃木県,高度急性期,実績,2022,3146
R7,09,栃木県,高度急性期,実績,2023,3063
R7,09,栃木県,高度急性期,実績,2024,2996
R7,09,栃木県,高度急性期,実績,2025,3246
R7,09,栃木県,高度急性期,見込量,2026,2961
R7,09,栃木県,高度急性期,必要数,2025,1728
R7,09,栃木県,急性期,実績,2015,8098
R7,09,栃木県,急性期,実績,2018,7921
R7,09,栃木県,急性期,実績,2019,7781
R7,09,栃木県,急性期,実績,2020,7749
R7,09,栃木県,急性期,実績,2021,7668
R7,09,栃木県,急性期,実績,2022,7860
R7,09,栃木県,急性期,実績,2023,7655
R7,09,栃木県,急性期,実績,2024,7830
R7,09,栃木県,急性期,実績,2025,7661
R7,09,栃木県,急性期,見込量,2026,7497
R7,09,栃木県,急性期,必要数,2025,5385
R7,09,栃木県,回復期,実績,2015,1550
R7,09,栃木県,回復期,実績,2018,1694
R7,09,栃木県,回復期,実績,2019,1711
R7,09,栃木県,回復期,実績,2020,1671
R7,09,栃木県,回復期,実績,2021,1787
R7,09,栃木県,回復期,実績,2022,1923
R7,09,栃木県,回復期,実績,2023,1949
R7,09,栃木県,回復期,実績,2024,1850
R7,09,栃木県,回復期,実績,2025,1863
R7,09,栃木県,回復期,見込量,2026,1930
R7,09,栃木県,回復期,必要数,2025,5179
R7,09,栃木県,慢性期,実績,2015,4280
R7,09,栃木県,慢性期,実績,2018,4574
R7,09,栃木県,慢性期,実績,2019,4377
R7,09,栃木県,慢性期,実績,2020,3991
R7,09,栃木県,慢性期,実績,2021,4070
R7,09,栃木県,慢性期,実績,2022,4252
R7,09,栃木県,慢性期,実績,2023,3728
R7,09,栃木県,慢性期,実績,2024,3483
R7,09,栃木県,慢性期,実績,2025,3361
R7,09,栃木県,慢性期,見込量,2026,3289
R7,09,栃木県,慢性期,必要数,2025,3166
R7,10,群馬県,合計,実績,2015,20077
R7,10,群馬県,合計,実績,2018,19843
R7,10,群馬県,合計,実績,2019,19382
R7,10,群馬県,合計,実績,2020,19111
R7,10,群馬県,合計,実績,2021,19110
R7,10,群馬県,合計,実績,2022,19345
R7,10,群馬県,合計,実績,2023,19061
R7,10,群馬県,合計,実績,2024,18297
R7,10,群馬県,合計,実績,2025,18057
R7,10,群馬県,合計,見込量,2026,18067
R7,10,群馬県,合計,必要数,2025,17578
R7,10,群馬県,高度急性期,実績,2015,2372
R7,10,群馬県,高度急性期,実績,2018,1888
R7,10,群馬県,高度急性期,実績,2019,1974
R7,10,群馬県,高度急性期,実績,2020,1515
R7,10,群馬県,高度急性期,実績,2021,1556
R7,10,群馬県,高度急性期,実績,2022,2099
R7,10,群馬県,高度急性期,実績,2023,2081
R7,10,群馬県,高度急性期,実績,2024,2084
R7,10,群馬県,高度急性期,実績,2025,2112
R7,10,群馬県,高度急性期,見込量,2026,2112
R7,10,群馬県,高度急性期,必要数,2025,1700
R7,10,群馬県,急性期,実績,2015,10253
R7,10,群馬県,急性期,実績,2018,9650
R7,10,群馬県,急性期,実績,2019,9153
R7,10,群馬県,急性期,実績,2020,9325
R7,10,群馬県,急性期,実績,2021,9268
R7,10,群馬県,急性期,実績,2022,8567
R7,10,群馬県,急性期,実績,2023,8390
R7,10,群馬県,急性期,実績,2024,8292
R7,10,群馬県,急性期,実績,2025,8082
R7,10,群馬県,急性期,見込量,2026,8113
R7,10,群馬県,急性期,必要数,2025,5472
R7,10,群馬県,回復期,実績,2015,2019
R7,10,群馬県,回復期,実績,2018,3131
R7,10,群馬県,回復期,実績,2019,3240
R7,10,群馬県,回復期,実績,2020,3527
R7,10,群馬県,回復期,実績,2021,3516
R7,10,群馬県,回復期,実績,2022,3733
R7,10,群馬県,回復期,実績,2023,3578
R7,10,群馬県,回復期,実績,2024,3505
R7,10,群馬県,回復期,実績,2025,3428
R7,10,群馬県,回復期,見込量,2026,3365
R7,10,群馬県,回復期,必要数,2025,6067
R7,10,群馬県,慢性期,実績,2015,5433
R7,10,群馬県,慢性期,実績,2018,5174
R7,10,群馬県,慢性期,実績,2019,5015
R7,10,群馬県,慢性期,実績,2020,4744
R7,10,群馬県,慢性期,実績,2021,4770
R7,10,群馬県,慢性期,実績,2022,4946
R7,10,群馬県,慢性期,実績,2023,5012
R7,10,群馬県,慢性期,実績,2024,4416
R7,10,群馬県,慢性期,実績,2025,4435
R7,10,群馬県,慢性期,見込量,2026,4477
R7,10,群馬県,慢性期,必要数,2025,4339
R7,11,埼玉県,合計,実績,2015,47261
R7,11,埼玉県,合計,実績,2018,49472
R7,11,埼玉県,合計,実績,2019,49432
R7,11,埼玉県,合計,実績,2020,49711
R7,11,埼玉県,合計,実績,2021,49294
R7,11,埼玉県,合計,実績,2022,50316
R7,11,埼玉県,合計,実績,2023,49679
R7,11,埼玉県,合計,実績,2024,49502
R7,11,埼玉県,合計,実績,2025,50752
R7,11,埼玉県,合計,見込量,2026,50598
R7,11,埼玉県,合計,必要数,2025,54210
R7,11,埼玉県,高度急性期,実績,2015,6389
R7,11,埼玉県,高度急性期,実績,2018,6014
R7,11,埼玉県,高度急性期,実績,2019,6219
R7,11,埼玉県,高度急性期,実績,2020,6423
R7,11,埼玉県,高度急性期,実績,2021,6257
R7,11,埼玉県,高度急性期,実績,2022,6381
R7,11,埼玉県,高度急性期,実績,2023,6384
R7,11,埼玉県,高度急性期,実績,2024,5942
R7,11,埼玉県,高度急性期,実績,2025,6021
R7,11,埼玉県,高度急性期,見込量,2026,6135
R7,11,埼玉県,高度急性期,必要数,2025,5528
R7,11,埼玉県,急性期,実績,2015,24411
R7,11,埼玉県,急性期,実績,2018,25079
R7,11,埼玉県,急性期,実績,2019,24278
R7,11,埼玉県,急性期,実績,2020,24684
R7,11,埼玉県,急性期,実績,2021,24596
R7,11,埼玉県,急性期,実績,2022,24913
R7,11,埼玉県,急性期,実績,2023,24194
R7,11,埼玉県,急性期,実績,2024,24615
R7,11,埼玉県,急性期,実績,2025,24919
R7,11,埼玉県,急性期,見込量,2026,24762
R7,11,埼玉県,急性期,必要数,2025,17954
R7,11,埼玉県,回復期,実績,2015,4023
R7,11,埼玉県,回復期,実績,2018,5471
R7,11,埼玉県,回復期,実績,2019,5701
R7,11,埼玉県,回復期,実績,2020,6115
R7,11,埼玉県,回復期,実績,2021,6152
R7,11,埼玉県,回復期,実績,2022,6374
R7,11,埼玉県,回復期,実績,2023,6468
R7,11,埼玉県,回復期,実績,2024,6484
R7,11,埼玉県,回復期,実績,2025,7191
R7,11,埼玉県,回復期,見込量,2026,7406
R7,11,埼玉県,回復期,必要数,2025,16717
R7,11,埼玉県,慢性期,実績,2015,12438
R7,11,埼玉県,慢性期,実績,2018,12908
R7,11,埼玉県,慢性期,実績,2019,13234
R7,11,埼玉県,慢性期,実績,2020,12489
R7,11,埼玉県,慢性期,実績,2021,12289
R7,11,埼玉県,慢性期,実績,2022,12648
R7,11,埼玉県,慢性期,実績,2023,12633
R7,11,埼玉県,慢性期,実績,2024,12461
R7,11,埼玉県,慢性期,実績,2025,12621
R7,11,埼玉県,慢性期,見込量,2026,12295
R7,11,埼玉県,慢性期,必要数,2025,14011
R7,12,千葉県,合計,実績,2015,45792
R7,12,千葉県,合計,実績,2018,47437
R7,12,千葉県,合計,実績,2019,46681
R7,12,千葉県,合計,実績,2020,46861
R7,12,千葉県,合計,実績,2021,47630
R7,12,千葉県,合計,実績,2022,46908
R7,12,千葉県,合計,実績,2023,47982
R7,12,千葉県,合計,実績,2024,47456
R7,12,千葉県,合計,実績,2025,47280
R7,12,千葉県,合計,見込量,2026,47539
R7,12,千葉県,合計,必要数,2025,50004
R7,12,千葉県,高度急性期,実績,2015,4652
R7,12,千葉県,高度急性期,実績,2018,6888
R7,12,千葉県,高度急性期,実績,2019,6615
R7,12,千葉県,高度急性期,実績,2020,6608
R7,12,千葉県,高度急性期,実績,2021,6948
R7,12,千葉県,高度急性期,実績,2022,6936
R7,12,千葉県,高度急性期,実績,2023,7366
R7,12,千葉県,高度急性期,実績,2024,6881
R7,12,千葉県,高度急性期,実績,2025,6931
R7,12,千葉県,高度急性期,見込量,2026,6954
R7,12,千葉県,高度急性期,必要数,2025,5650
R7,12,千葉県,急性期,実績,2015,26015
R7,12,千葉県,急性期,実績,2018,23764
R7,12,千葉県,急性期,実績,2019,23167
R7,12,千葉県,急性期,実績,2020,23309
R7,12,千葉県,急性期,実績,2021,23444
R7,12,千葉県,急性期,実績,2022,22514
R7,12,千葉県,急性期,実績,2023,22961
R7,12,千葉県,急性期,実績,2024,23073
R7,12,千葉県,急性期,実績,2025,22662
R7,12,千葉県,急性期,見込量,2026,22829
R7,12,千葉県,急性期,必要数,2025,17851
R7,12,千葉県,回復期,実績,2015,4466
R7,12,千葉県,回復期,実績,2018,5769
R7,12,千葉県,回復期,実績,2019,5981
R7,12,千葉県,回復期,実績,2020,6270
R7,12,千葉県,回復期,実績,2021,6396
R7,12,千葉県,回復期,実績,2022,6421
R7,12,千葉県,回復期,実績,2023,6647
R7,12,千葉県,回復期,実績,2024,6821
R7,12,千葉県,回復期,実績,2025,7249
R7,12,千葉県,回復期,見込量,2026,7195
R7,12,千葉県,回復期,必要数,2025,15260
R7,12,千葉県,慢性期,実績,2015,10659
R7,12,千葉県,慢性期,実績,2018,11016
R7,12,千葉県,慢性期,実績,2019,10918
R7,12,千葉県,慢性期,実績,2020,10674
R7,12,千葉県,慢性期,実績,2021,10842
R7,12,千葉県,慢性期,実績,2022,11037
R7,12,千葉県,慢性期,実績,2023,11008
R7,12,千葉県,慢性期,実績,2024,10681
R7,12,千葉県,慢性期,実績,2025,10438
R7,12,千葉県,慢性期,見込量,2026,10561
R7,12,千葉県,慢性期,必要数,2025,11243
R7,13,東京都,合計,実績,2015,104116
R7,13,東京都,合計,実績,2018,105367
R7,13,東京都,合計,実績,2019,104416
R7,13,東京都,合計,実績,2020,101030
R7,13,東京都,合計,実績,2021,102755
R7,13,東京都,合計,実績,2022,103762
R7,13,東京都,合計,実績,2023,104330
R7,13,東京都,合計,実績,2024,104328
R7,13,東京都,合計,実績,2025,103612
R7,13,東京都,合計,見込量,2026,103366
R7,13,東京都,合計,必要数,2025,113764
R7,13,東京都,高度急性期,実績,2015,23429
R7,13,東京都,高度急性期,実績,2018,22777
R7,13,東京都,高度急性期,実績,2019,23543
R7,13,東京都,高度急性期,実績,2020,21730
R7,13,東京都,高度急性期,実績,2021,22047
R7,13,東京都,高度急性期,実績,2022,22503
R7,13,東京都,高度急性期,実績,2023,22779
R7,13,東京都,高度急性期,実績,2024,22598
R7,13,東京都,高度急性期,実績,2025,23973
R7,13,東京都,高度急性期,見込量,2026,24027
R7,13,東京都,高度急性期,必要数,2025,15888
R7,13,東京都,急性期,実績,2015,48510
R7,13,東京都,急性期,実績,2018,46789
R7,13,東京都,急性期,実績,2019,44913
R7,13,東京都,急性期,実績,2020,45110
R7,13,東京都,急性期,実績,2021,46395
R7,13,東京都,急性期,実績,2022,45895
R7,13,東京都,急性期,実績,2023,45035
R7,13,東京都,急性期,実績,2024,45172
R7,13,東京都,急性期,実績,2025,43105
R7,13,東京都,急性期,見込量,2026,42737
R7,13,東京都,急性期,必要数,2025,42275
R7,13,東京都,回復期,実績,2015,8936
R7,13,東京都,回復期,実績,2018,12580
R7,13,東京都,回復期,実績,2019,13093
R7,13,東京都,回復期,実績,2020,13056
R7,13,東京都,回復期,実績,2021,13621
R7,13,東京都,回復期,実績,2022,14260
R7,13,東京都,回復期,実績,2023,15010
R7,13,東京都,回復期,実績,2024,15305
R7,13,東京都,回復期,実績,2025,15810
R7,13,東京都,回復期,見込量,2026,15887
R7,13,東京都,回復期,必要数,2025,34628
R7,13,東京都,慢性期,実績,2015,23241
R7,13,東京都,慢性期,実績,2018,23221
R7,13,東京都,慢性期,実績,2019,22867
R7,13,東京都,慢性期,実績,2020,21134
R7,13,東京都,慢性期,実績,2021,20692
R7,13,東京都,慢性期,実績,2022,21104
R7,13,東京都,慢性期,実績,2023,21506
R7,13,東京都,慢性期,実績,2024,21253
R7,13,東京都,慢性期,実績,2025,20724
R7,13,東京都,慢性期,見込量,2026,20715
R7,13,東京都,慢性期,必要数,2025,20973
R7,14,神奈川県,合計,実績,2015,58999
R7,14,神奈川県,合計,実績,2018,60795
R7,14,神奈川県,合計,実績,2019,60579
R7,14,神奈川県,合計,実績,2020,61086
R7,14,神奈川県,合計,実績,2021,61496
R7,14,神奈川県,合計,実績,2022,60931
R7,14,神奈川県,合計,実績,2023,60349
R7,14,神奈川県,合計,実績,2024,60311
R7,14,神奈川県,合計,実績,2025,60946
R7,14,神奈川県,合計,見込量,2026,60143
R7,14,神奈川県,合計,必要数,2025,72410
R7,14,神奈川県,高度急性期,実績,2015,12137
R7,14,神奈川県,高度急性期,実績,2018,10071
R7,14,神奈川県,高度急性期,実績,2019,9207
R7,14,神奈川県,高度急性期,実績,2020,10433
R7,14,神奈川県,高度急性期,実績,2021,9464
R7,14,神奈川県,高度急性期,実績,2022,9679
R7,14,神奈川県,高度急性期,実績,2023,9414
R7,14,神奈川県,高度急性期,実績,2024,8871
R7,14,神奈川県,高度急性期,実績,2025,9635
R7,14,神奈川県,高度急性期,見込量,2026,9755
R7,14,神奈川県,高度急性期,必要数,2025,9419
R7,14,神奈川県,急性期,実績,2015,27965
R7,14,神奈川県,急性期,実績,2018,29522
R7,14,神奈川県,急性期,実績,2019,29883
R7,14,神奈川県,急性期,実績,2020,28469
R7,14,神奈川県,急性期,実績,2021,29587
R7,14,神奈川県,急性期,実績,2022,29183
R7,14,神奈川県,急性期,実績,2023,29382
R7,14,神奈川県,急性期,実績,2024,29064
R7,14,神奈川県,急性期,実績,2025,28290
R7,14,神奈川県,急性期,見込量,2026,27656
R7,14,神奈川県,急性期,必要数,2025,25910
R7,14,神奈川県,回復期,実績,2015,4874
R7,14,神奈川県,回復期,実績,2018,6952
R7,14,神奈川県,回復期,実績,2019,7659
R7,14,神奈川県,回復期,実績,2020,8286
R7,14,神奈川県,回復期,実績,2021,8582
R7,14,神奈川県,回復期,実績,2022,8409
R7,14,神奈川県,回復期,実績,2023,8377
R7,14,神奈川県,回復期,実績,2024,8706
R7,14,神奈川県,回復期,実績,2025,9081
R7,14,神奈川県,回復期,見込量,2026,9194
R7,14,神奈川県,回復期,必要数,2025,20934
R7,14,神奈川県,慢性期,実績,2015,14023
R7,14,神奈川県,慢性期,実績,2018,14250
R7,14,神奈川県,慢性期,実績,2019,13830
R7,14,神奈川県,慢性期,実績,2020,13898
R7,14,神奈川県,慢性期,実績,2021,13863
R7,14,神奈川県,慢性期,実績,2022,13660
R7,14,神奈川県,慢性期,実績,2023,13176
R7,14,神奈川県,慢性期,実績,2024,13670
R7,14,神奈川県,慢性期,実績,2025,13940
R7,14,神奈川県,慢性期,見込量,2026,13538
R7,14,神奈川県,慢性期,必要数,2025,16147
R7,15,新潟県,合計,実績,2015,21568
R7,15,新潟県,合計,実績,2018,21529
R7,15,新潟県,合計,実績,2019,20999
R7,15,新潟県,合計,実績,2020,20270
R7,15,新潟県,合計,実績,2021,19931
R7,15,新潟県,合計,実績,2022,19643
R7,15,新潟県,合計,実績,2023,18970
R7,15,新潟県,合計,実績,2024,18813
R7,15,新潟県,合計,実績,2025,18094
R7,15,新潟県,合計,見込量,2026,17719
R7,15,新潟県,合計,必要数,2025,18283
R7,15,新潟県,高度急性期,実績,2015,2639
R7,15,新潟県,高度急性期,実績,2018,1993
R7,15,新潟県,高度急性期,実績,2019,1786
R7,15,新潟県,高度急性期,実績,2020,1780
R7,15,新潟県,高度急性期,実績,2021,1780
R7,15,新潟県,高度急性期,実績,2022,1708
R7,15,新潟県,高度急性期,実績,2023,1685
R7,15,新潟県,高度急性期,実績,2024,1853
R7,15,新潟県,高度急性期,実績,2025,1798
R7,15,新潟県,高度急性期,見込量,2026,1561
R7,15,新潟県,高度急性期,必要数,2025,1661
R7,15,新潟県,急性期,実績,2015,10758
R7,15,新潟県,急性期,実績,2018,10626
R7,15,新潟県,急性期,実績,2019,10156
R7,15,新潟県,急性期,実績,2020,9984
R7,15,新潟県,急性期,実績,2021,9828
R7,15,新潟県,急性期,実績,2022,9512
R7,15,新潟県,急性期,実績,2023,9172
R7,15,新潟県,急性期,実績,2024,9142
R7,15,新潟県,急性期,実績,2025,8443
R7,15,新潟県,急性期,見込量,2026,8315
R7,15,新潟県,急性期,必要数,2025,5730
R7,15,新潟県,回復期,実績,2015,1619
R7,15,新潟県,回復期,実績,2018,2659
R7,15,新潟県,回復期,実績,2019,3035
R7,15,新潟県,回復期,実績,2020,3206
R7,15,新潟県,回復期,実績,2021,3341
R7,15,新潟県,回復期,実績,2022,3579
R7,15,新潟県,回復期,実績,2023,3640
R7,15,新潟県,回復期,実績,2024,3505
R7,15,新潟県,回復期,実績,2025,3768
R7,15,新潟県,回復期,見込量,2026,3881
R7,15,新潟県,回復期,必要数,2025,5709
R7,15,新潟県,慢性期,実績,2015,6552
R7,15,新潟県,慢性期,実績,2018,6251
R7,15,新潟県,慢性期,実績,2019,6022
R7,15,新潟県,慢性期,実績,2020,5300
R7,15,新潟県,慢性期,実績,2021,4982
R7,15,新潟県,慢性期,実績,2022,4844
R7,15,新潟県,慢性期,実績,2023,4473
R7,15,新潟県,慢性期,実績,2024,4313
R7,15,新潟県,慢性期,実績,2025,4085
R7,15,新潟県,慢性期,見込量,2026,3962
R7,15,新潟県,慢性期,必要数,2025,5183
R7,16,富山県,合計,実績,2015,13599
R7,16,富山県,合計,実績,2018,13353
R7,16,富山県,合計,実績,2019,12421
R7,16,富山県,合計,実績,2020,12085
R7,16,富山県,合計,実績,2021,12060
R7,16,富山県,合計,実績,2022,11850
R7,16,富山県,合計,実績,2023,11659
R7,16,富山県,合計,実績,2024,11620
R7,16,富山県,合計,実績,2025,11399
R7,16,富山県,合計,見込量,2026,11280
R7,16,富山県,合計,必要数,2025,9557
R7,16,富山県,高度急性期,実績,2015,1753
R7,16,富山県,高度急性期,実績,2018,1789
R7,16,富山県,高度急性期,実績,2019,1777
R7,16,富山県,高度急性期,実績,2020,1727
R7,16,富山県,高度急性期,実績,2021,1765
R7,16,富山県,高度急性期,実績,2022,1719
R7,16,富山県,高度急性期,実績,2023,1673
R7,16,富山県,高度急性期,実績,2024,1723
R7,16,富山県,高度急性期,実績,2025,1747
R7,16,富山県,高度急性期,見込量,2026,1690
R7,16,富山県,高度急性期,必要数,2025,930
R7,16,富山県,急性期,実績,2015,5412
R7,16,富山県,急性期,実績,2018,4667
R7,16,富山県,急性期,実績,2019,4527
R7,16,富山県,急性期,実績,2020,4513
R7,16,富山県,急性期,実績,2021,4436
R7,16,富山県,急性期,実績,2022,4164
R7,16,富山県,急性期,実績,2023,4136
R7,16,富山県,急性期,実績,2024,4096
R7,16,富山県,急性期,実績,2025,3782
R7,16,富山県,急性期,見込量,2026,3648
R7,16,富山県,急性期,必要数,2025,3254
R7,16,富山県,回復期,実績,2015,1016
R7,16,富山県,回復期,実績,2018,1573
R7,16,富山県,回復期,実績,2019,1664
R7,16,富山県,回復期,実績,2020,1717
R7,16,富山県,回復期,実績,2021,1826
R7,16,富山県,回復期,実績,2022,1829
R7,16,富山県,回復期,実績,2023,1851
R7,16,富山県,回復期,実績,2024,1937
R7,16,富山県,回復期,実績,2025,2093
R7,16,富山県,回復期,見込量,2026,2198
R7,16,富山県,回復期,必要数,2025,2725
R7,16,富山県,慢性期,実績,2015,5418
R7,16,富山県,慢性期,実績,2018,5324
R7,16,富山県,慢性期,実績,2019,4453
R7,16,富山県,慢性期,実績,2020,4128
R7,16,富山県,慢性期,実績,2021,4033
R7,16,富山県,慢性期,実績,2022,4138
R7,16,富山県,慢性期,実績,2023,3999
R7,16,富山県,慢性期,実績,2024,3864
R7,16,富山県,慢性期,実績,2025,3777
R7,16,富山県,慢性期,見込量,2026,3744
R7,16,富山県,慢性期,必要数,2025,2648
R7,17,石川県,合計,実績,2015,14368
R7,17,石川県,合計,実績,2018,14535
R7,17,石川県,合計,実績,2019,14169
R7,17,石川県,合計,実績,2020,13519
R7,17,石川県,合計,実績,2021,13346
R7,17,石川県,合計,実績,2022,13271
R7,17,石川県,合計,実績,2023,13054
R7,17,石川県,合計,実績,2024,12735
R7,17,石川県,合計,実績,2025,12639
R7,17,石川県,合計,見込量,2026,12689
R7,17,石川県,合計,必要数,2025,11899
R7,17,石川県,高度急性期,実績,2015,2495
R7,17,石川県,高度急性期,実績,2018,2493
R7,17,石川県,高度急性期,実績,2019,2468
R7,17,石川県,高度急性期,実績,2020,2501
R7,17,石川県,高度急性期,実績,2021,2515
R7,17,石川県,高度急性期,実績,2022,2256
R7,17,石川県,高度急性期,実績,2023,2246
R7,17,石川県,高度急性期,実績,2024,2231
R7,17,石川県,高度急性期,実績,2025,2231
R7,17,石川県,高度急性期,見込量,2026,2245
R7,17,石川県,高度急性期,必要数,2025,1225
R7,17,石川県,急性期,実績,2015,6075
R7,17,石川県,急性期,実績,2018,5504
R7,17,石川県,急性期,実績,2019,5274
R7,17,石川県,急性期,実績,2020,5070
R7,17,石川県,急性期,実績,2021,4959
R7,17,石川県,急性期,実績,2022,5104
R7,17,石川県,急性期,実績,2023,4981
R7,17,石川県,急性期,実績,2024,4774
R7,17,石川県,急性期,実績,2025,4715
R7,17,石川県,急性期,見込量,2026,4651
R7,17,石川県,急性期,必要数,2025,3930
R7,17,石川県,回復期,実績,2015,1300
R7,17,石川県,回復期,実績,2018,1836
R7,17,石川県,回復期,実績,2019,2015
R7,17,石川県,回復期,実績,2020,2137
R7,17,石川県,回復期,実績,2021,2162
R7,17,石川県,回復期,実績,2022,2279
R7,17,石川県,回復期,実績,2023,2323
R7,17,石川県,回復期,実績,2024,2274
R7,17,石川県,回復期,実績,2025,2171
R7,17,石川県,回復期,見込量,2026,2195
R7,17,石川県,回復期,必要数,2025,3694
R7,17,石川県,慢性期,実績,2015,4498
R7,17,石川県,慢性期,実績,2018,4702
R7,17,石川県,慢性期,実績,2019,4412
R7,17,石川県,慢性期,実績,2020,3811
R7,17,石川県,慢性期,実績,2021,3710
R7,17,石川県,慢性期,実績,2022,3632
R7,17,石川県,慢性期,実績,2023,3504
R7,17,石川県,慢性期,実績,2024,3456
R7,17,石川県,慢性期,実績,2025,3522
R7,17,石川県,慢性期,見込量,2026,3598
R7,17,石川県,慢性期,必要数,2025,3050
R7,18,福井県,合計,実績,2015,9388
R7,18,福井県,合計,実績,2018,9066
R7,18,福井県,合計,実績,2019,8882
R7,18,福井県,合計,実績,2020,8736
R7,18,福井県,合計,実績,2021,8699
R7,18,福井県,合計,実績,2022,8546
R7,18,福井県,合計,実績,2023,8396
R7,18,福井県,合計,実績,2024,8485
R7,18,福井県,合計,実績,2025,8157
R7,18,福井県,合計,見込量,2026,7949
R7,18,福井県,合計,必要数,2025,7591
R7,18,福井県,高度急性期,実績,2015,1388
R7,18,福井県,高度急性期,実績,2018,1204
R7,18,福井県,高度急性期,実績,2019,1243
R7,18,福井県,高度急性期,実績,2020,926
R7,18,福井県,高度急性期,実績,2021,926
R7,18,福井県,高度急性期,実績,2022,934
R7,18,福井県,高度急性期,実績,2023,902
R7,18,福井県,高度急性期,実績,2024,902
R7,18,福井県,高度急性期,実績,2025,902
R7,18,福井県,高度急性期,見込量,2026,903
R7,18,福井県,高度急性期,必要数,2025,735
R7,18,福井県,急性期,実績,2015,4382
R7,18,福井県,急性期,実績,2018,4049
R7,18,福井県,急性期,実績,2019,3844
R7,18,福井県,急性期,実績,2020,4141
R7,18,福井県,急性期,実績,2021,3970
R7,18,福井県,急性期,実績,2022,3787
R7,18,福井県,急性期,実績,2023,3649
R7,18,福井県,急性期,実績,2024,3703
R7,18,福井県,急性期,実績,2025,3552
R7,18,福井県,急性期,見込量,2026,3415
R7,18,福井県,急性期,必要数,2025,2576
R7,18,福井県,回復期,実績,2015,1032
R7,18,福井県,回復期,実績,2018,1540
R7,18,福井県,回復期,実績,2019,1754
R7,18,福井県,回復期,実績,2020,1682
R7,18,福井県,回復期,実績,2021,1688
R7,18,福井県,回復期,実績,2022,1896
R7,18,福井県,回復期,実績,2023,1890
R7,18,福井県,回復期,実績,2024,1944
R7,18,福井県,回復期,実績,2025,1919
R7,18,福井県,回復期,見込量,2026,1930
R7,18,福井県,回復期,必要数,2025,2646
R7,18,福井県,慢性期,実績,2015,2586
R7,18,福井県,慢性期,実績,2018,2273
R7,18,福井県,慢性期,実績,2019,2041
R7,18,福井県,慢性期,実績,2020,1987
R7,18,福井県,慢性期,実績,2021,2115
R7,18,福井県,慢性期,実績,2022,1929
R7,18,福井県,慢性期,実績,2023,1955
R7,18,福井県,慢性期,実績,2024,1936
R7,18,福井県,慢性期,実績,2025,1784
R7,18,福井県,慢性期,見込量,2026,1701
R7,18,福井県,慢性期,必要数,2025,1634
R7,19,山梨県,合計,実績,2015,8539
R7,19,山梨県,合計,実績,2018,8502
R7,19,山梨県,合計,実績,2019,8467
R7,19,山梨県,合計,実績,2020,8415
R7,19,山梨県,合計,実績,2021,8377
R7,19,山梨県,合計,実績,2022,8481
R7,19,山梨県,合計,実績,2023,8367
R7,19,山梨県,合計,実績,2024,8412
R7,19,山梨県,合計,実績,2025,8049
R7,19,山梨県,合計,見込量,2026,7996
R7,19,山梨県,合計,必要数,2025,6909
R7,19,山梨県,高度急性期,実績,2015,1182
R7,19,山梨県,高度急性期,実績,2018,1149
R7,19,山梨県,高度急性期,実績,2019,1221
R7,19,山梨県,高度急性期,実績,2020,980
R7,19,山梨県,高度急性期,実績,2021,920
R7,19,山梨県,高度急性期,実績,2022,762
R7,19,山梨県,高度急性期,実績,2023,724
R7,19,山梨県,高度急性期,実績,2024,727
R7,19,山梨県,高度急性期,実績,2025,715
R7,19,山梨県,高度急性期,見込量,2026,762
R7,19,山梨県,高度急性期,必要数,2025,535
R7,19,山梨県,急性期,実績,2015,3848
R7,19,山梨県,急性期,実績,2018,3739
R7,19,山梨県,急性期,実績,2019,3381
R7,19,山梨県,急性期,実績,2020,3307
R7,19,山梨県,急性期,実績,2021,3432
R7,19,山梨県,急性期,実績,2022,3423
R7,19,山梨県,急性期,実績,2023,3583
R7,19,山梨県,急性期,実績,2024,3582
R7,19,山梨県,急性期,実績,2025,3313
R7,19,山梨県,急性期,見込量,2026,3245
R7,19,山梨県,急性期,必要数,2025,2028
R7,19,山梨県,回復期,実績,2015,1210
R7,19,山梨県,回復期,実績,2018,1369
R7,19,山梨県,回復期,実績,2019,1978
R7,19,山梨県,回復期,実績,2020,2052
R7,19,山梨県,回復期,実績,2021,1946
R7,19,山梨県,回復期,実績,2022,2133
R7,19,山梨県,回復期,実績,2023,1970
R7,19,山梨県,回復期,実績,2024,1834
R7,19,山梨県,回復期,実績,2025,1814
R7,19,山梨県,回復期,見込量,2026,1912
R7,19,山梨県,回復期,必要数,2025,2566
R7,19,山梨県,慢性期,実績,2015,2299
R7,19,山梨県,慢性期,実績,2018,2245
R7,19,山梨県,慢性期,実績,2019,1887
R7,19,山梨県,慢性期,実績,2020,2076
R7,19,山梨県,慢性期,実績,2021,2079
R7,19,山梨県,慢性期,実績,2022,2163
R7,19,山梨県,慢性期,実績,2023,2090
R7,19,山梨県,慢性期,実績,2024,2269
R7,19,山梨県,慢性期,実績,2025,2207
R7,19,山梨県,慢性期,見込量,2026,2077
R7,19,山梨県,慢性期,必要数,2025,1780
R7,20,長野県,合計,実績,2015,19218
R7,20,長野県,合計,実績,2018,19351
R7,20,長野県,合計,実績,2019,19083
R7,20,長野県,合計,実績,2020,18931
R7,20,長野県,合計,実績,2021,18932
R7,20,長野県,合計,実績,2022,18786
R7,20,長野県,合計,実績,2023,18183
R7,20,長野県,合計,実績,2024,17852
R7,20,長野県,合計,実績,2025,17771
R7,20,長野県,合計,見込量,2026,17694
R7,20,長野県,合計,必要数,2025,16839
R7,20,長野県,高度急性期,実績,2015,2673
R7,20,長野県,高度急性期,実績,2018,2121
R7,20,長野県,高度急性期,実績,2019,1953
R7,20,長野県,高度急性期,実績,2020,2047
R7,20,長野県,高度急性期,実績,2021,2102
R7,20,長野県,高度急性期,実績,2022,2066
R7,20,長野県,高度急性期,実績,2023,1999
R7,20,長野県,高度急性期,実績,2024,1947
R7,20,長野県,高度急性期,実績,2025,1865
R7,20,長野県,高度急性期,見込量,2026,1897
R7,20,長野県,高度急性期,必要数,2025,1907
R7,20,長野県,急性期,実績,2015,10397
R7,20,長野県,急性期,実績,2018,10077
R7,20,長野県,急性期,実績,2019,9828
R7,20,長野県,急性期,実績,2020,9570
R7,20,長野県,急性期,実績,2021,9686
R7,20,長野県,急性期,実績,2022,9664
R7,20,長野県,急性期,実績,2023,9297
R7,20,長野県,急性期,実績,2024,8985
R7,20,長野県,急性期,実績,2025,8942
R7,20,長野県,急性期,見込量,2026,8806
R7,20,長野県,急性期,必要数,2025,6551
R7,20,長野県,回復期,実績,2015,2312
R7,20,長野県,回復期,実績,2018,2774
R7,20,長野県,回復期,実績,2019,3104
R7,20,長野県,回復期,実績,2020,3240
R7,20,長野県,回復期,実績,2021,3353
R7,20,長野県,回復期,実績,2022,3399
R7,20,長野県,回復期,実績,2023,3535
R7,20,長野県,回復期,実績,2024,3658
R7,20,長野県,回復期,実績,2025,3519
R7,20,長野県,回復期,見込量,2026,3578
R7,20,長野県,回復期,必要数,2025,5121
R7,20,長野県,慢性期,実績,2015,3836
R7,20,長野県,慢性期,実績,2018,4379
R7,20,長野県,慢性期,実績,2019,4198
R7,20,長野県,慢性期,実績,2020,4074
R7,20,長野県,慢性期,実績,2021,3791
R7,20,長野県,慢性期,実績,2022,3657
R7,20,長野県,慢性期,実績,2023,3352
R7,20,長野県,慢性期,実績,2024,3262
R7,20,長野県,慢性期,実績,2025,3445
R7,20,長野県,慢性期,見込量,2026,3413
R7,20,長野県,慢性期,必要数,2025,3260
R7,21,岐阜県,合計,実績,2015,17413
R7,21,岐阜県,合計,実績,2018,16846
R7,21,岐阜県,合計,実績,2019,16402
R7,21,岐阜県,合計,実績,2020,16259
R7,21,岐阜県,合計,実績,2021,16283
R7,21,岐阜県,合計,実績,2022,16065
R7,21,岐阜県,合計,実績,2023,16078
R7,21,岐阜県,合計,実績,2024,15461
R7,21,岐阜県,合計,実績,2025,15129
R7,21,岐阜県,合計,見込量,2026,14541
R7,21,岐阜県,合計,必要数,2025,14978
R7,21,岐阜県,高度急性期,実績,2015,2120
R7,21,岐阜県,高度急性期,実績,2018,2487
R7,21,岐阜県,高度急性期,実績,2019,2547
R7,21,岐阜県,高度急性期,実績,2020,2504
R7,21,岐阜県,高度急性期,実績,2021,2504
R7,21,岐阜県,高度急性期,実績,2022,2516
R7,21,岐阜県,高度急性期,実績,2023,2512
R7,21,岐阜県,高度急性期,実績,2024,2497
R7,21,岐阜県,高度急性期,実績,2025,2863
R7,21,岐阜県,高度急性期,見込量,2026,2874
R7,21,岐阜県,高度急性期,必要数,2025,1692
R7,21,岐阜県,急性期,実績,2015,9890
R7,21,岐阜県,急性期,実績,2018,8392
R7,21,岐阜県,急性期,実績,2019,8027
R7,21,岐阜県,急性期,実績,2020,7751
R7,21,岐阜県,急性期,実績,2021,7985
R7,21,岐阜県,急性期,実績,2022,7588
R7,21,岐阜県,急性期,実績,2023,7452
R7,21,岐阜県,急性期,実績,2024,7173
R7,21,岐阜県,急性期,実績,2025,6498
R7,21,岐阜県,急性期,見込量,2026,6078
R7,21,岐阜県,急性期,必要数,2025,5792
R7,21,岐阜県,回復期,実績,2015,1908
R7,21,岐阜県,回復期,実績,2018,2501
R7,21,岐阜県,回復期,実績,2019,2479
R7,21,岐阜県,回復期,実績,2020,2658
R7,21,岐阜県,回復期,実績,2021,2692
R7,21,岐阜県,回復期,実績,2022,2682
R7,21,岐阜県,回復期,実績,2023,2874
R7,21,岐阜県,回復期,実績,2024,2750
R7,21,岐阜県,回復期,実績,2025,2992
R7,21,岐阜県,回復期,見込量,2026,2879
R7,21,岐阜県,回復期,必要数,2025,4765
R7,21,岐阜県,慢性期,実績,2015,3495
R7,21,岐阜県,慢性期,実績,2018,3466
R7,21,岐阜県,慢性期,実績,2019,3349
R7,21,岐阜県,慢性期,実績,2020,3346
R7,21,岐阜県,慢性期,実績,2021,3102
R7,21,岐阜県,慢性期,実績,2022,3279
R7,21,岐阜県,慢性期,実績,2023,3240
R7,21,岐阜県,慢性期,実績,2024,3041
R7,21,岐阜県,慢性期,実績,2025,2776
R7,21,岐阜県,慢性期,見込量,2026,2710
R7,21,岐阜県,慢性期,必要数,2025,2729
R7,22,静岡県,合計,実績,2015,32013
R7,22,静岡県,合計,実績,2018,32097
R7,22,静岡県,合計,実績,2019,31317
R7,22,静岡県,合計,実績,2020,30581
R7,22,静岡県,合計,実績,2021,30479
R7,22,静岡県,合計,実績,2022,30399
R7,22,静岡県,合計,実績,2023,30110
R7,22,静岡県,合計,実績,2024,29841
R7,22,静岡県,合計,実績,2025,29052
R7,22,静岡県,合計,見込量,2026,28863
R7,22,静岡県,合計,必要数,2025,26584
R7,22,静岡県,高度急性期,実績,2015,4970
R7,22,静岡県,高度急性期,実績,2018,4969
R7,22,静岡県,高度急性期,実績,2019,4850
R7,22,静岡県,高度急性期,実績,2020,5293
R7,22,静岡県,高度急性期,実績,2021,5300
R7,22,静岡県,高度急性期,実績,2022,5235
R7,22,静岡県,高度急性期,実績,2023,4972
R7,22,静岡県,高度急性期,実績,2024,5148
R7,22,静岡県,高度急性期,実績,2025,5065
R7,22,静岡県,高度急性期,見込量,2026,4981
R7,22,静岡県,高度急性期,必要数,2025,3160
R7,22,静岡県,急性期,実績,2015,13413
R7,22,静岡県,急性期,実績,2018,12983
R7,22,静岡県,急性期,実績,2019,12747
R7,22,静岡県,急性期,実績,2020,12388
R7,22,静岡県,急性期,実績,2021,12157
R7,22,静岡県,急性期,実績,2022,12197
R7,22,静岡県,急性期,実績,2023,12345
R7,22,静岡県,急性期,実績,2024,11935
R7,22,静岡県,急性期,実績,2025,11542
R7,22,静岡県,急性期,見込量,2026,11442
R7,22,静岡県,急性期,必要数,2025,9084
R7,22,静岡県,回復期,実績,2015,3174
R7,22,静岡県,回復期,実績,2018,4326
R7,22,静岡県,回復期,実績,2019,4873
R7,22,静岡県,回復期,実績,2020,4646
R7,22,静岡県,回復期,実績,2021,4846
R7,22,静岡県,回復期,実績,2022,4923
R7,22,静岡県,回復期,実績,2023,4852
R7,22,静岡県,回復期,実績,2024,5015
R7,22,静岡県,回復期,実績,2025,5087
R7,22,静岡県,回復期,見込量,2026,5051
R7,22,静岡県,回復期,必要数,2025,7903
R7,22,静岡県,慢性期,実績,2015,10456
R7,22,静岡県,慢性期,実績,2018,9819
R7,22,静岡県,慢性期,実績,2019,8847
R7,22,静岡県,慢性期,実績,2020,8254
R7,22,静岡県,慢性期,実績,2021,8176
R7,22,静岡県,慢性期,実績,2022,8044
R7,22,静岡県,慢性期,実績,2023,7941
R7,22,静岡県,慢性期,実績,2024,7743
R7,22,静岡県,慢性期,実績,2025,7358
R7,22,静岡県,慢性期,見込量,2026,7389
R7,22,静岡県,慢性期,必要数,2025,6437
R7,23,愛知県,合計,実績,2015,56137
R7,23,愛知県,合計,実績,2018,56882
R7,23,愛知県,合計,実績,2019,56074
R7,23,愛知県,合計,実績,2020,55786
R7,23,愛知県,合計,実績,2021,55340
R7,23,愛知県,合計,実績,2022,55080
R7,23,愛知県,合計,実績,2023,54752
R7,23,愛知県,合計,実績,2024,53996
R7,23,愛知県,合計,実績,2025,53500
R7,23,愛知県,合計,見込量,2026,53914
R7,23,愛知県,合計,必要数,2025,57773
R7,23,愛知県,高度急性期,実績,2015,12690
R7,23,愛知県,高度急性期,実績,2018,11027
R7,23,愛知県,高度急性期,実績,2019,11161
R7,23,愛知県,高度急性期,実績,2020,11111
R7,23,愛知県,高度急性期,実績,2021,11229
R7,23,愛知県,高度急性期,実績,2022,11083
R7,23,愛知県,高度急性期,実績,2023,11456
R7,23,愛知県,高度急性期,実績,2024,11223
R7,23,愛知県,高度急性期,実績,2025,11431
R7,23,愛知県,高度急性期,見込量,2026,11502
R7,23,愛知県,高度急性期,必要数,2025,6907
R7,23,愛知県,急性期,実績,2015,24652
R7,23,愛知県,急性期,実績,2018,24227
R7,23,愛知県,急性期,実績,2019,23561
R7,23,愛知県,急性期,実績,2020,23688
R7,23,愛知県,急性期,実績,2021,23752
R7,23,愛知県,急性期,実績,2022,23557
R7,23,愛知県,急性期,実績,2023,23091
R7,23,愛知県,急性期,実績,2024,22755
R7,23,愛知県,急性期,実績,2025,21784
R7,23,愛知県,急性期,見込量,2026,21765
R7,23,愛知県,急性期,必要数,2025,20613
R7,23,愛知県,回復期,実績,2015,5850
R7,23,愛知県,回復期,実績,2018,7613
R7,23,愛知県,回復期,実績,2019,8415
R7,23,愛知県,回復期,実績,2020,8400
R7,23,愛知県,回復期,実績,2021,8491
R7,23,愛知県,回復期,実績,2022,8474
R7,23,愛知県,回復期,実績,2023,8349
R7,23,愛知県,回復期,実績,2024,8741
R7,23,愛知県,回復期,実績,2025,9157
R7,23,愛知県,回復期,見込量,2026,9394
R7,23,愛知県,回復期,必要数,2025,19480
R7,23,愛知県,慢性期,実績,2015,12945
R7,23,愛知県,慢性期,実績,2018,14015
R7,23,愛知県,慢性期,実績,2019,12937
R7,23,愛知県,慢性期,実績,2020,12587
R7,23,愛知県,慢性期,実績,2021,11868
R7,23,愛知県,慢性期,実績,2022,11966
R7,23,愛知県,慢性期,実績,2023,11856
R7,23,愛知県,慢性期,実績,2024,11277
R7,23,愛知県,慢性期,実績,2025,11128
R7,23,愛知県,慢性期,見込量,2026,11253
R7,23,愛知県,慢性期,必要数,2025,10773
R7,24,三重県,合計,実績,2015,15874
R7,24,三重県,合計,実績,2018,15597
R7,24,三重県,合計,実績,2019,15697
R7,24,三重県,合計,実績,2020,15324
R7,24,三重県,合計,実績,2021,15328
R7,24,三重県,合計,実績,2022,15079
R7,24,三重県,合計,実績,2023,14788
R7,24,三重県,合計,実績,2024,14840
R7,24,三重県,合計,実績,2025,14643
R7,24,三重県,合計,見込量,2026,14635
R7,24,三重県,合計,必要数,2025,13584
R7,24,三重県,高度急性期,実績,2015,1782
R7,24,三重県,高度急性期,実績,2018,2200
R7,24,三重県,高度急性期,実績,2019,2208
R7,24,三重県,高度急性期,実績,2020,2223
R7,24,三重県,高度急性期,実績,2021,2243
R7,24,三重県,高度急性期,実績,2022,2196
R7,24,三重県,高度急性期,実績,2023,2241
R7,24,三重県,高度急性期,実績,2024,2239
R7,24,三重県,高度急性期,実績,2025,2218
R7,24,三重県,高度急性期,見込量,2026,2205
R7,24,三重県,高度急性期,必要数,2025,1422
R7,24,三重県,急性期,実績,2015,8635
R7,24,三重県,急性期,実績,2018,7462
R7,24,三重県,急性期,実績,2019,7311
R7,24,三重県,急性期,実績,2020,6994
R7,24,三重県,急性期,実績,2021,6930
R7,24,三重県,急性期,実績,2022,6888
R7,24,三重県,急性期,実績,2023,6563
R7,24,三重県,急性期,実績,2024,6544
R7,24,三重県,急性期,実績,2025,6469
R7,24,三重県,急性期,見込量,2026,6417
R7,24,三重県,急性期,必要数,2025,4259
R7,24,三重県,回復期,実績,2015,1420
R7,24,三重県,回復期,実績,2018,2138
R7,24,三重県,回復期,実績,2019,2449
R7,24,三重県,回復期,実績,2020,2531
R7,24,三重県,回復期,実績,2021,2609
R7,24,三重県,回復期,実績,2022,2566
R7,24,三重県,回復期,実績,2023,2414
R7,24,三重県,回復期,実績,2024,2548
R7,24,三重県,回復期,実績,2025,2603
R7,24,三重県,回復期,見込量,2026,2662
R7,24,三重県,回復期,必要数,2025,4378
R7,24,三重県,慢性期,実績,2015,4037
R7,24,三重県,慢性期,実績,2018,3797
R7,24,三重県,慢性期,実績,2019,3729
R7,24,三重県,慢性期,実績,2020,3576
R7,24,三重県,慢性期,実績,2021,3546
R7,24,三重県,慢性期,実績,2022,3429
R7,24,三重県,慢性期,実績,2023,3570
R7,24,三重県,慢性期,実績,2024,3509
R7,24,三重県,慢性期,実績,2025,3353
R7,24,三重県,慢性期,見込量,2026,3351
R7,24,三重県,慢性期,必要数,2025,3525
R7,25,滋賀県,合計,実績,2015,12095
R7,25,滋賀県,合計,実績,2018,11734
R7,25,滋賀県,合計,実績,2019,11869
R7,25,滋賀県,合計,実績,2020,10887
R7,25,滋賀県,合計,実績,2021,11535
R7,25,滋賀県,合計,実績,2022,11714
R7,25,滋賀県,合計,実績,2023,11666
R7,25,滋賀県,合計,実績,2024,11717
R7,25,滋賀県,合計,実績,2025,11264
R7,25,滋賀県,合計,見込量,2026,11335
R7,25,滋賀県,合計,必要数,2025,11319
R7,25,滋賀県,高度急性期,実績,2015,2144
R7,25,滋賀県,高度急性期,実績,2018,2150
R7,25,滋賀県,高度急性期,実績,2019,2044
R7,25,滋賀県,高度急性期,実績,2020,1867
R7,25,滋賀県,高度急性期,実績,2021,1951
R7,25,滋賀県,高度急性期,実績,2022,1865
R7,25,滋賀県,高度急性期,実績,2023,1802
R7,25,滋賀県,高度急性期,実績,2024,1780
R7,25,滋賀県,高度急性期,実績,2025,1784
R7,25,滋賀県,高度急性期,見込量,2026,1833
R7,25,滋賀県,高度急性期,必要数,2025,1277
R7,25,滋賀県,急性期,実績,2015,5575
R7,25,滋賀県,急性期,実績,2018,4734
R7,25,滋賀県,急性期,実績,2019,5116
R7,25,滋賀県,急性期,実績,2020,4582
R7,25,滋賀県,急性期,実績,2021,5153
R7,25,滋賀県,急性期,実績,2022,5187
R7,25,滋賀県,急性期,実績,2023,5112
R7,25,滋賀県,急性期,実績,2024,5101
R7,25,滋賀県,急性期,実績,2025,4867
R7,25,滋賀県,急性期,見込量,2026,4831
R7,25,滋賀県,急性期,必要数,2025,3871
R7,25,滋賀県,回復期,実績,2015,1285
R7,25,滋賀県,回復期,実績,2018,1767
R7,25,滋賀県,回復期,実績,2019,1748
R7,25,滋賀県,回復期,実績,2020,1697
R7,25,滋賀県,回復期,実績,2021,1898
R7,25,滋賀県,回復期,実績,2022,2015
R7,25,滋賀県,回復期,実績,2023,1886
R7,25,滋賀県,回復期,実績,2024,1937
R7,25,滋賀県,回復期,実績,2025,2064
R7,25,滋賀県,回復期,見込量,2026,2014
R7,25,滋賀県,回復期,必要数,2025,3579
R7,25,滋賀県,慢性期,実績,2015,3091
R7,25,滋賀県,慢性期,実績,2018,3083
R7,25,滋賀県,慢性期,実績,2019,2961
R7,25,滋賀県,慢性期,実績,2020,2741
R7,25,滋賀県,慢性期,実績,2021,2533
R7,25,滋賀県,慢性期,実績,2022,2647
R7,25,滋賀県,慢性期,実績,2023,2866
R7,25,滋賀県,慢性期,実績,2024,2899
R7,25,滋賀県,慢性期,実績,2025,2549
R7,25,滋賀県,慢性期,見込量,2026,2657
R7,25,滋賀県,慢性期,必要数,2025,2592
R7,26,京都府,合計,実績,2015,28390
R7,26,京都府,合計,実績,2018,28222
R7,26,京都府,合計,実績,2019,28240
R7,26,京都府,合計,実績,2020,26301
R7,26,京都府,合計,実績,2021,25791
R7,26,京都府,合計,実績,2022,25821
R7,26,京都府,合計,実績,2023,25811
R7,26,京都府,合計,実績,2024,25677
R7,26,京都府,合計,実績,2025,25086
R7,26,京都府,合計,見込量,2026,24977
R7,26,京都府,合計,必要数,2025,29957
R7,26,京都府,高度急性期,実績,2015,4853
R7,26,京都府,高度急性期,実績,2018,4182
R7,26,京都府,高度急性期,実績,2019,4606
R7,26,京都府,高度急性期,実績,2020,4529
R7,26,京都府,高度急性期,実績,2021,4630
R7,26,京都府,高度急性期,実績,2022,3911
R7,26,京都府,高度急性期,実績,2023,3887
R7,26,京都府,高度急性期,実績,2024,3776
R7,26,京都府,高度急性期,実績,2025,3459
R7,26,京都府,高度急性期,見込量,2026,3404
R7,26,京都府,高度急性期,必要数,2025,3187
R7,26,京都府,急性期,実績,2015,12342
R7,26,京都府,急性期,実績,2018,11862
R7,26,京都府,急性期,実績,2019,10540
R7,26,京都府,急性期,実績,2020,10813
R7,26,京都府,急性期,実績,2021,10704
R7,26,京都府,急性期,実績,2022,10709
R7,26,京都府,急性期,実績,2023,10433
R7,26,京都府,急性期,実績,2024,10466
R7,26,京都府,急性期,実績,2025,10612
R7,26,京都府,急性期,見込量,2026,10528
R7,26,京都府,急性期,必要数,2025,9543
R7,26,京都府,回復期,実績,2015,2362
R7,26,京都府,回復期,実績,2018,3801
R7,26,京都府,回復期,実績,2019,4622
R7,26,京都府,回復期,実績,2020,4149
R7,26,京都府,回復期,実績,2021,4089
R7,26,京都府,回復期,実績,2022,4620
R7,26,京都府,回復期,実績,2023,5173
R7,26,京都府,回復期,実績,2024,5151
R7,26,京都府,回復期,実績,2025,5071
R7,26,京都府,回復期,見込量,2026,5091
R7,26,京都府,回復期,必要数,2025,8542
R7,26,京都府,慢性期,実績,2015,8833
R7,26,京都府,慢性期,実績,2018,8377
R7,26,京都府,慢性期,実績,2019,8472
R7,26,京都府,慢性期,実績,2020,6810
R7,26,京都府,慢性期,実績,2021,6368
R7,26,京都府,慢性期,実績,2022,6581
R7,26,京都府,慢性期,実績,2023,6318
R7,26,京都府,慢性期,実績,2024,6284
R7,26,京都府,慢性期,実績,2025,5944
R7,26,京都府,慢性期,見込量,2026,5954
R7,26,京都府,慢性期,必要数,2025,8685
R7,27,大阪府,合計,実績,2015,85503
R7,27,大阪府,合計,実績,2018,88066
R7,27,大阪府,合計,実績,2019,87099
R7,27,大阪府,合計,実績,2020,85946
R7,27,大阪府,合計,実績,2021,86065
R7,27,大阪府,合計,実績,2022,84909
R7,27,大阪府,合計,実績,2023,86550
R7,27,大阪府,合計,実績,2024,85072
R7,27,大阪府,合計,実績,2025,84854
R7,27,大阪府,合計,見込量,2026,83795
R7,27,大阪府,合計,必要数,2025,101474
R7,27,大阪府,高度急性期,実績,2015,11334
R7,27,大阪府,高度急性期,実績,2018,13305
R7,27,大阪府,高度急性期,実績,2019,12168
R7,27,大阪府,高度急性期,実績,2020,12608
R7,27,大阪府,高度急性期,実績,2021,11765
R7,27,大阪府,高度急性期,実績,2022,13802
R7,27,大阪府,高度急性期,実績,2023,15204
R7,27,大阪府,高度急性期,実績,2024,14732
R7,27,大阪府,高度急性期,実績,2025,16266
R7,27,大阪府,高度急性期,見込量,2026,16616
R7,27,大阪府,高度急性期,必要数,2025,11789
R7,27,大阪府,急性期,実績,2015,42350
R7,27,大阪府,急性期,実績,2018,39581
R7,27,大阪府,急性期,実績,2019,39907
R7,27,大阪府,急性期,実績,2020,38803
R7,27,大阪府,急性期,実績,2021,39576
R7,27,大阪府,急性期,実績,2022,35265
R7,27,大阪府,急性期,実績,2023,34680
R7,27,大阪府,急性期,実績,2024,32866
R7,27,大阪府,急性期,実績,2025,31451
R7,27,大阪府,急性期,見込量,2026,30765
R7,27,大阪府,急性期,必要数,2025,35047
R7,27,大阪府,回復期,実績,2015,8093
R7,27,大阪府,回復期,実績,2018,10094
R7,27,大阪府,回復期,実績,2019,10904
R7,27,大阪府,回復期,実績,2020,11179
R7,27,大阪府,回復期,実績,2021,11093
R7,27,大阪府,回復期,実績,2022,12309
R7,27,大阪府,回復期,実績,2023,12986
R7,27,大阪府,回復期,実績,2024,13481
R7,27,大阪府,回復期,実績,2025,13842
R7,27,大阪府,回復期,見込量,2026,14087
R7,27,大阪府,回復期,必要数,2025,31364
R7,27,大阪府,慢性期,実績,2015,23726
R7,27,大阪府,慢性期,実績,2018,25086
R7,27,大阪府,慢性期,実績,2019,24120
R7,27,大阪府,慢性期,実績,2020,23356
R7,27,大阪府,慢性期,実績,2021,23631
R7,27,大阪府,慢性期,実績,2022,23533
R7,27,大阪府,慢性期,実績,2023,23680
R7,27,大阪府,慢性期,実績,2024,23993
R7,27,大阪府,慢性期,実績,2025,23295
R7,27,大阪府,慢性期,見込量,2026,22327
R7,27,大阪府,慢性期,必要数,2025,23274
R7,28,兵庫県,合計,実績,2015,52384
R7,28,兵庫県,合計,実績,2018,53113
R7,28,兵庫県,合計,実績,2019,53016
R7,28,兵庫県,合計,実績,2020,52448
R7,28,兵庫県,合計,実績,2021,53346
R7,28,兵庫県,合計,実績,2022,50942
R7,28,兵庫県,合計,実績,2023,52274
R7,28,兵庫県,合計,実績,2024,52890
R7,28,兵庫県,合計,実績,2025,51809
R7,28,兵庫県,合計,見込量,2026,51301
R7,28,兵庫県,合計,必要数,2025,52455
R7,28,兵庫県,高度急性期,実績,2015,5860
R7,28,兵庫県,高度急性期,実績,2018,6668
R7,28,兵庫県,高度急性期,実績,2019,6464
R7,28,兵庫県,高度急性期,実績,2020,6538
R7,28,兵庫県,高度急性期,実績,2021,6556
R7,28,兵庫県,高度急性期,実績,2022,6200
R7,28,兵庫県,高度急性期,実績,2023,6439
R7,28,兵庫県,高度急性期,実績,2024,6616
R7,28,兵庫県,高度急性期,実績,2025,6126
R7,28,兵庫県,高度急性期,見込量,2026,6063
R7,28,兵庫県,高度急性期,必要数,2025,5901
R7,28,兵庫県,急性期,実績,2015,27234
R7,28,兵庫県,急性期,実績,2018,24458
R7,28,兵庫県,急性期,実績,2019,23879
R7,28,兵庫県,急性期,実績,2020,23501
R7,28,兵庫県,急性期,実績,2021,23782
R7,28,兵庫県,急性期,実績,2022,22529
R7,28,兵庫県,急性期,実績,2023,22918
R7,28,兵庫県,急性期,実績,2024,22638
R7,28,兵庫県,急性期,実績,2025,21967
R7,28,兵庫県,急性期,見込量,2026,21815
R7,28,兵庫県,急性期,必要数,2025,18257
R7,28,兵庫県,回復期,実績,2015,5469
R7,28,兵庫県,回復期,実績,2018,8033
R7,28,兵庫県,回復期,実績,2019,8903
R7,28,兵庫県,回復期,実績,2020,9292
R7,28,兵庫県,回復期,実績,2021,9341
R7,28,兵庫県,回復期,実績,2022,9190
R7,28,兵庫県,回復期,実績,2023,9803
R7,28,兵庫県,回復期,実績,2024,9984
R7,28,兵庫県,回復期,実績,2025,10595
R7,28,兵庫県,回復期,見込量,2026,10669
R7,28,兵庫県,回復期,必要数,2025,16532
R7,28,兵庫県,慢性期,実績,2015,13821
R7,28,兵庫県,慢性期,実績,2018,13954
R7,28,兵庫県,慢性期,実績,2019,13770
R7,28,兵庫県,慢性期,実績,2020,13117
R7,28,兵庫県,慢性期,実績,2021,13667
R7,28,兵庫県,慢性期,実績,2022,13023
R7,28,兵庫県,慢性期,実績,2023,13114
R7,28,兵庫県,慢性期,実績,2024,13652
R7,28,兵庫県,慢性期,実績,2025,13121
R7,28,兵庫県,慢性期,見込量,2026,12754
R7,28,兵庫県,慢性期,必要数,2025,11765
R7,29,奈良県,合計,実績,2015,13734
R7,29,奈良県,合計,実績,2018,13904
R7,29,奈良県,合計,実績,2019,13378
R7,29,奈良県,合計,実績,2020,13263
R7,29,奈良県,合計,実績,2021,13211
R7,29,奈良県,合計,実績,2022,13080
R7,29,奈良県,合計,実績,2023,13082
R7,29,奈良県,合計,実績,2024,13004
R7,29,奈良県,合計,実績,2025,12911
R7,29,奈良県,合計,見込量,2026,12682
R7,29,奈良県,合計,必要数,2025,13063
R7,29,奈良県,高度急性期,実績,2015,1419
R7,29,奈良県,高度急性期,実績,2018,1474
R7,29,奈良県,高度急性期,実績,2019,1388
R7,29,奈良県,高度急性期,実績,2020,1602
R7,29,奈良県,高度急性期,実績,2021,1535
R7,29,奈良県,高度急性期,実績,2022,1336
R7,29,奈良県,高度急性期,実績,2023,1331
R7,29,奈良県,高度急性期,実績,2024,1276
R7,29,奈良県,高度急性期,実績,2025,1237
R7,29,奈良県,高度急性期,見込量,2026,1220
R7,29,奈良県,高度急性期,必要数,2025,1275
R7,29,奈良県,急性期,実績,2015,7054
R7,29,奈良県,急性期,実績,2018,6863
R7,29,奈良県,急性期,実績,2019,6790
R7,29,奈良県,急性期,実績,2020,6551
R7,29,奈良県,急性期,実績,2021,6565
R7,29,奈良県,急性期,実績,2022,6675
R7,29,奈良県,急性期,実績,2023,6626
R7,29,奈良県,急性期,実績,2024,6507
R7,29,奈良県,急性期,実績,2025,6435
R7,29,奈良県,急性期,見込量,2026,6357
R7,29,奈良県,急性期,必要数,2025,4374
R7,29,奈良県,回復期,実績,2015,1832
R7,29,奈良県,回復期,実績,2018,2517
R7,29,奈良県,回復期,実績,2019,2575
R7,29,奈良県,回復期,実績,2020,2519
R7,29,奈良県,回復期,実績,2021,2514
R7,29,奈良県,回復期,実績,2022,2502
R7,29,奈良県,回復期,実績,2023,2574
R7,29,奈良県,回復期,実績,2024,2625
R7,29,奈良県,回復期,実績,2025,2673
R7,29,奈良県,回復期,見込量,2026,2647
R7,29,奈良県,回復期,必要数,2025,4333
R7,29,奈良県,慢性期,実績,2015,3429
R7,29,奈良県,慢性期,実績,2018,3050
R7,29,奈良県,慢性期,実績,2019,2625
R7,29,奈良県,慢性期,実績,2020,2591
R7,29,奈良県,慢性期,実績,2021,2597
R7,29,奈良県,慢性期,実績,2022,2567
R7,29,奈良県,慢性期,実績,2023,2551
R7,29,奈良県,慢性期,実績,2024,2596
R7,29,奈良県,慢性期,実績,2025,2566
R7,29,奈良県,慢性期,見込量,2026,2458
R7,29,奈良県,慢性期,必要数,2025,3081
R7,30,和歌山県,合計,実績,2015,12220
R7,30,和歌山県,合計,実績,2018,11847
R7,30,和歌山県,合計,実績,2019,11705
R7,30,和歌山県,合計,実績,2020,11361
R7,30,和歌山県,合計,実績,2021,11311
R7,30,和歌山県,合計,実績,2022,11247
R7,30,和歌山県,合計,実績,2023,10947
R7,30,和歌山県,合計,実績,2024,10650
R7,30,和歌山県,合計,実績,2025,10237
R7,30,和歌山県,合計,見込量,2026,10301
R7,30,和歌山県,合計,必要数,2025,9506
R7,30,和歌山県,高度急性期,実績,2015,1327
R7,30,和歌山県,高度急性期,実績,2018,1315
R7,30,和歌山県,高度急性期,実績,2019,1327
R7,30,和歌山県,高度急性期,実績,2020,1433
R7,30,和歌山県,高度急性期,実績,2021,1435
R7,30,和歌山県,高度急性期,実績,2022,1484
R7,30,和歌山県,高度急性期,実績,2023,1470
R7,30,和歌山県,高度急性期,実績,2024,1201
R7,30,和歌山県,高度急性期,実績,2025,809
R7,30,和歌山県,高度急性期,見込量,2026,855
R7,30,和歌山県,高度急性期,必要数,2025,885
R7,30,和歌山県,急性期,実績,2015,6087
R7,30,和歌山県,急性期,実績,2018,5263
R7,30,和歌山県,急性期,実績,2019,5063
R7,30,和歌山県,急性期,実績,2020,4852
R7,30,和歌山県,急性期,実績,2021,4827
R7,30,和歌山県,急性期,実績,2022,4779
R7,30,和歌山県,急性期,実績,2023,4564
R7,30,和歌山県,急性期,実績,2024,4546
R7,30,和歌山県,急性期,実績,2025,4601
R7,30,和歌山県,急性期,見込量,2026,4616
R7,30,和歌山県,急性期,必要数,2025,3142
R7,30,和歌山県,回復期,実績,2015,1384
R7,30,和歌山県,回復期,実績,2018,2046
R7,30,和歌山県,回復期,実績,2019,2275
R7,30,和歌山県,回復期,実績,2020,2358
R7,30,和歌山県,回復期,実績,2021,2367
R7,30,和歌山県,回復期,実績,2022,2363
R7,30,和歌山県,回復期,実績,2023,2474
R7,30,和歌山県,回復期,実績,2024,2393
R7,30,和歌山県,回復期,実績,2025,2602
R7,30,和歌山県,回復期,見込量,2026,2640
R7,30,和歌山県,回復期,必要数,2025,3315
R7,30,和歌山県,慢性期,実績,2015,3422
R7,30,和歌山県,慢性期,実績,2018,3223
R7,30,和歌山県,慢性期,実績,2019,3040
R7,30,和歌山県,慢性期,実績,2020,2718
R7,30,和歌山県,慢性期,実績,2021,2682
R7,30,和歌山県,慢性期,実績,2022,2621
R7,30,和歌山県,慢性期,実績,2023,2439
R7,30,和歌山県,慢性期,実績,2024,2510
R7,30,和歌山県,慢性期,実績,2025,2225
R7,30,和歌山県,慢性期,見込量,2026,2190
R7,30,和歌山県,慢性期,必要数,2025,2164
R7,31,鳥取県,合計,実績,2015,7018
R7,31,鳥取県,合計,実績,2018,6939
R7,31,鳥取県,合計,実績,2019,6772
R7,31,鳥取県,合計,実績,2020,6694
R7,31,鳥取県,合計,実績,2021,6941
R7,31,鳥取県,合計,実績,2022,6744
R7,31,鳥取県,合計,実績,2023,6649
R7,31,鳥取県,合計,実績,2024,6530
R7,31,鳥取県,合計,実績,2025,6508
R7,31,鳥取県,合計,見込量,2026,6485
R7,31,鳥取県,合計,必要数,2025,5896
R7,31,鳥取県,高度急性期,実績,2015,1176
R7,31,鳥取県,高度急性期,実績,2018,872
R7,31,鳥取県,高度急性期,実績,2019,867
R7,31,鳥取県,高度急性期,実績,2020,874
R7,31,鳥取県,高度急性期,実績,2021,880
R7,31,鳥取県,高度急性期,実績,2022,938
R7,31,鳥取県,高度急性期,実績,2023,878
R7,31,鳥取県,高度急性期,実績,2024,832
R7,31,鳥取県,高度急性期,実績,2025,832
R7,31,鳥取県,高度急性期,見込量,2026,832
R7,31,鳥取県,高度急性期,必要数,2025,583
R7,31,鳥取県,急性期,実績,2015,3148
R7,31,鳥取県,急性期,実績,2018,2956
R7,31,鳥取県,急性期,実績,2019,2910
R7,31,鳥取県,急性期,実績,2020,3004
R7,31,鳥取県,急性期,実績,2021,3022
R7,31,鳥取県,急性期,実績,2022,2903
R7,31,鳥取県,急性期,実績,2023,2882
R7,31,鳥取県,急性期,実績,2024,2824
R7,31,鳥取県,急性期,実績,2025,2898
R7,31,鳥取県,急性期,見込量,2026,2893
R7,31,鳥取県,急性期,必要数,2025,2019
R7,31,鳥取県,回復期,実績,2015,911
R7,31,鳥取県,回復期,実績,2018,1257
R7,31,鳥取県,回復期,実績,2019,1309
R7,31,鳥取県,回復期,実績,2020,1255
R7,31,鳥取県,回復期,実績,2021,1272
R7,31,鳥取県,回復期,実績,2022,1298
R7,31,鳥取県,回復期,実績,2023,1344
R7,31,鳥取県,回復期,実績,2024,1246
R7,31,鳥取県,回復期,実績,2025,1256
R7,31,鳥取県,回復期,見込量,2026,1297
R7,31,鳥取県,回復期,必要数,2025,2137
R7,31,鳥取県,慢性期,実績,2015,1783
R7,31,鳥取県,慢性期,実績,2018,1854
R7,31,鳥取県,慢性期,実績,2019,1686
R7,31,鳥取県,慢性期,実績,2020,1561
R7,31,鳥取県,慢性期,実績,2021,1767
R7,31,鳥取県,慢性期,実績,2022,1605
R7,31,鳥取県,慢性期,実績,2023,1545
R7,31,鳥取県,慢性期,実績,2024,1628
R7,31,鳥取県,慢性期,実績,2025,1522
R7,31,鳥取県,慢性期,見込量,2026,1463
R7,31,鳥取県,慢性期,必要数,2025,1157
R7,32,島根県,合計,実績,2015,8667
R7,32,島根県,合計,実績,2018,8245
R7,32,島根県,合計,実績,2019,8024
R7,32,島根県,合計,実績,2020,7870
R7,32,島根県,合計,実績,2021,7748
R7,32,島根県,合計,実績,2022,7781
R7,32,島根県,合計,実績,2023,7561
R7,32,島根県,合計,実績,2024,7577
R7,32,島根県,合計,実績,2025,7195
R7,32,島根県,合計,見込量,2026,7163
R7,32,島根県,合計,必要数,2025,6569
R7,32,島根県,高度急性期,実績,2015,1257
R7,32,島根県,高度急性期,実績,2018,943
R7,32,島根県,高度急性期,実績,2019,926
R7,32,島根県,高度急性期,実績,2020,902
R7,32,島根県,高度急性期,実績,2021,858
R7,32,島根県,高度急性期,実績,2022,855
R7,32,島根県,高度急性期,実績,2023,807
R7,32,島根県,高度急性期,実績,2024,805
R7,32,島根県,高度急性期,実績,2025,861
R7,32,島根県,高度急性期,見込量,2026,851
R7,32,島根県,高度急性期,必要数,2025,612
R7,32,島根県,急性期,実績,2015,3576
R7,32,島根県,急性期,実績,2018,3477
R7,32,島根県,急性期,実績,2019,3346
R7,32,島根県,急性期,実績,2020,3265
R7,32,島根県,急性期,実績,2021,3292
R7,32,島根県,急性期,実績,2022,3223
R7,32,島根県,急性期,実績,2023,3171
R7,32,島根県,急性期,実績,2024,3124
R7,32,島根県,急性期,実績,2025,2962
R7,32,島根県,急性期,見込量,2026,3030
R7,32,島根県,急性期,必要数,2025,2168
R7,32,島根県,回復期,実績,2015,1427
R7,32,島根県,回復期,実績,2018,1612
R7,32,島根県,回復期,実績,2019,1709
R7,32,島根県,回復期,実績,2020,1755
R7,32,島根県,回復期,実績,2021,1672
R7,32,島根県,回復期,実績,2022,1807
R7,32,島根県,回復期,実績,2023,1726
R7,32,島根県,回復期,実績,2024,1735
R7,32,島根県,回復期,実績,2025,1686
R7,32,島根県,回復期,見込量,2026,1644
R7,32,島根県,回復期,必要数,2025,2002
R7,32,島根県,慢性期,実績,2015,2407
R7,32,島根県,慢性期,実績,2018,2213
R7,32,島根県,慢性期,実績,2019,2043
R7,32,島根県,慢性期,実績,2020,1948
R7,32,島根県,慢性期,実績,2021,1926
R7,32,島根県,慢性期,実績,2022,1896
R7,32,島根県,慢性期,実績,2023,1857
R7,32,島根県,慢性期,実績,2024,1913
R7,32,島根県,慢性期,実績,2025,1686
R7,32,島根県,慢性期,見込量,2026,1638
R7,32,島根県,慢性期,必要数,2025,1787
R7,33,岡山県,合計,実績,2015,23204
R7,33,岡山県,合計,実績,2018,23461
R7,33,岡山県,合計,実績,2019,23184
R7,33,岡山県,合計,実績,2020,22740
R7,33,岡山県,合計,実績,2021,22431
R7,33,岡山県,合計,実績,2022,22288
R7,33,岡山県,合計,実績,2023,21895
R7,33,岡山県,合計,実績,2024,21544
R7,33,岡山県,合計,実績,2025,21283
R7,33,岡山県,合計,見込量,2026,21169
R7,33,岡山県,合計,必要数,2025,20174
R7,33,岡山県,高度急性期,実績,2015,4222
R7,33,岡山県,高度急性期,実績,2018,3851
R7,33,岡山県,高度急性期,実績,2019,3763
R7,33,岡山県,高度急性期,実績,2020,3856
R7,33,岡山県,高度急性期,実績,2021,4021
R7,33,岡山県,高度急性期,実績,2022,3874
R7,33,岡山県,高度急性期,実績,2023,3831
R7,33,岡山県,高度急性期,実績,2024,3807
R7,33,岡山県,高度急性期,実績,2025,3828
R7,33,岡山県,高度急性期,見込量,2026,3836
R7,33,岡山県,高度急性期,必要数,2025,2249
R7,33,岡山県,急性期,実績,2015,9698
R7,33,岡山県,急性期,実績,2018,9287
R7,33,岡山県,急性期,実績,2019,8925
R7,33,岡山県,急性期,実績,2020,8919
R7,33,岡山県,急性期,実績,2021,8400
R7,33,岡山県,急性期,実績,2022,8195
R7,33,岡山県,急性期,実績,2023,8280
R7,33,岡山県,急性期,実績,2024,8141
R7,33,岡山県,急性期,実績,2025,7938
R7,33,岡山県,急性期,見込量,2026,7825
R7,33,岡山県,急性期,必要数,2025,6838
R7,33,岡山県,回復期,実績,2015,3041
R7,33,岡山県,回復期,実績,2018,3556
R7,33,岡山県,回復期,実績,2019,4040
R7,33,岡山県,回復期,実績,2020,3600
R7,33,岡山県,回復期,実績,2021,4030
R7,33,岡山県,回復期,実績,2022,4376
R7,33,岡山県,回復期,実績,2023,4159
R7,33,岡山県,回復期,実績,2024,4528
R7,33,岡山県,回復期,実績,2025,4370
R7,33,岡山県,回復期,見込量,2026,4435
R7,33,岡山県,回復期,必要数,2025,6480
R7,33,岡山県,慢性期,実績,2015,6243
R7,33,岡山県,慢性期,実績,2018,6767
R7,33,岡山県,慢性期,実績,2019,6456
R7,33,岡山県,慢性期,実績,2020,6365
R7,33,岡山県,慢性期,実績,2021,5980
R7,33,岡山県,慢性期,実績,2022,5843
R7,33,岡山県,慢性期,実績,2023,5625
R7,33,岡山県,慢性期,実績,2024,5068
R7,33,岡山県,慢性期,実績,2025,5147
R7,33,岡山県,慢性期,見込量,2026,5073
R7,33,岡山県,慢性期,必要数,2025,4607
R7,34,広島県,合計,実績,2015,32015
R7,34,広島県,合計,実績,2018,32258
R7,34,広島県,合計,実績,2019,31319
R7,34,広島県,合計,実績,2020,30569
R7,34,広島県,合計,実績,2021,30380
R7,34,広島県,合計,実績,2022,29237
R7,34,広島県,合計,実績,2023,29436
R7,34,広島県,合計,実績,2024,28791
R7,34,広島県,合計,実績,2025,28468
R7,34,広島県,合計,見込量,2026,28390
R7,34,広島県,合計,必要数,2025,28614
R7,34,広島県,高度急性期,実績,2015,5024
R7,34,広島県,高度急性期,実績,2018,4290
R7,34,広島県,高度急性期,実績,2019,4287
R7,34,広島県,高度急性期,実績,2020,3944
R7,34,広島県,高度急性期,実績,2021,3953
R7,34,広島県,高度急性期,実績,2022,4517
R7,34,広島県,高度急性期,実績,2023,4374
R7,34,広島県,高度急性期,実績,2024,4578
R7,34,広島県,高度急性期,実績,2025,4534
R7,34,広島県,高度急性期,見込量,2026,4491
R7,34,広島県,高度急性期,必要数,2025,2989
R7,34,広島県,急性期,実績,2015,13162
R7,34,広島県,急性期,実績,2018,13249
R7,34,広島県,急性期,実績,2019,12165
R7,34,広島県,急性期,実績,2020,12348
R7,34,広島県,急性期,実績,2021,11945
R7,34,広島県,急性期,実績,2022,10741
R7,34,広島県,急性期,実績,2023,10843
R7,34,広島県,急性期,実績,2024,10409
R7,34,広島県,急性期,実績,2025,10565
R7,34,広島県,急性期,見込量,2026,10439
R7,34,広島県,急性期,必要数,2025,9118
R7,34,広島県,回復期,実績,2015,3816
R7,34,広島県,回復期,実績,2018,4952
R7,34,広島県,回復期,実績,2019,5546
R7,34,広島県,回復期,実績,2020,5854
R7,34,広島県,回復期,実績,2021,6121
R7,34,広島県,回復期,実績,2022,6342
R7,34,広島県,回復期,実績,2023,6703
R7,34,広島県,回復期,実績,2024,6764
R7,34,広島県,回復期,実績,2025,6564
R7,34,広島県,回復期,見込量,2026,6715
R7,34,広島県,回復期,必要数,2025,9747
R7,34,広島県,慢性期,実績,2015,10013
R7,34,広島県,慢性期,実績,2018,9767
R7,34,広島県,慢性期,実績,2019,9321
R7,34,広島県,慢性期,実績,2020,8423
R7,34,広島県,慢性期,実績,2021,8361
R7,34,広島県,慢性期,実績,2022,7637
R7,34,広島県,慢性期,実績,2023,7516
R7,34,広島県,慢性期,実績,2024,7040
R7,34,広島県,慢性期,実績,2025,6805
R7,34,広島県,慢性期,見込量,2026,6745
R7,34,広島県,慢性期,必要数,2025,6760
R7,35,山口県,合計,実績,2015,21231
R7,35,山口県,合計,実績,2018,21390
R7,35,山口県,合計,実績,2019,20689
R7,35,山口県,合計,実績,2020,19589
R7,35,山口県,合計,実績,2021,19577
R7,35,山口県,合計,実績,2022,19277
R7,35,山口県,合計,実績,2023,18651
R7,35,山口県,合計,実績,2024,18516
R7,35,山口県,合計,実績,2025,17654
R7,35,山口県,合計,見込量,2026,17267
R7,35,山口県,合計,必要数,2025,15889
R7,35,山口県,高度急性期,実績,2015,2350
R7,35,山口県,高度急性期,実績,2018,1960
R7,35,山口県,高度急性期,実績,2019,1960
R7,35,山口県,高度急性期,実績,2020,1909
R7,35,山口県,高度急性期,実績,2021,1911
R7,35,山口県,高度急性期,実績,2022,1950
R7,35,山口県,高度急性期,実績,2023,1868
R7,35,山口県,高度急性期,実績,2024,1900
R7,35,山口県,高度急性期,実績,2025,1870
R7,35,山口県,高度急性期,見込量,2026,1875
R7,35,山口県,高度急性期,必要数,2025,1323
R7,35,山口県,急性期,実績,2015,7190
R7,35,山口県,急性期,実績,2018,7275
R7,35,山口県,急性期,実績,2019,7007
R7,35,山口県,急性期,実績,2020,6946
R7,35,山口県,急性期,実績,2021,6936
R7,35,山口県,急性期,実績,2022,6776
R7,35,山口県,急性期,実績,2023,6579
R7,35,山口県,急性期,実績,2024,6505
R7,35,山口県,急性期,実績,2025,6190
R7,35,山口県,急性期,見込量,2026,6073
R7,35,山口県,急性期,必要数,2025,4508
R7,35,山口県,回復期,実績,2015,2084
R7,35,山口県,回復期,実績,2018,3184
R7,35,山口県,回復期,実績,2019,3480
R7,35,山口県,回復期,実績,2020,3521
R7,35,山口県,回復期,実績,2021,3690
R7,35,山口県,回復期,実績,2022,3715
R7,35,山口県,回復期,実績,2023,3559
R7,35,山口県,回復期,実績,2024,3681
R7,35,山口県,回復期,実績,2025,3224
R7,35,山口県,回復期,見込量,2026,3278
R7,35,山口県,回復期,必要数,2025,4674
R7,35,山口県,慢性期,実績,2015,9607
R7,35,山口県,慢性期,実績,2018,8971
R7,35,山口県,慢性期,実績,2019,8242
R7,35,山口県,慢性期,実績,2020,7213
R7,35,山口県,慢性期,実績,2021,7040
R7,35,山口県,慢性期,実績,2022,6836
R7,35,山口県,慢性期,実績,2023,6645
R7,35,山口県,慢性期,実績,2024,6430
R7,35,山口県,慢性期,実績,2025,6370
R7,35,山口県,慢性期,見込量,2026,6041
R7,35,山口県,慢性期,必要数,2025,5384
R7,36,徳島県,合計,実績,2015,11667
R7,36,徳島県,合計,実績,2018,11815
R7,36,徳島県,合計,実績,2019,11395
R7,36,徳島県,合計,実績,2020,11282
R7,36,徳島県,合計,実績,2021,10865
R7,36,徳島県,合計,実績,2022,10499
R7,36,徳島県,合計,実績,2023,10476
R7,36,徳島県,合計,実績,2024,10206
R7,36,徳島県,合計,実績,2025,9897
R7,36,徳島県,合計,見込量,2026,9822
R7,36,徳島県,合計,必要数,2025,8994
R7,36,徳島県,高度急性期,実績,2015,1485
R7,36,徳島県,高度急性期,実績,2018,953
R7,36,徳島県,高度急性期,実績,2019,850
R7,36,徳島県,高度急性期,実績,2020,953
R7,36,徳島県,高度急性期,実績,2021,821
R7,36,徳島県,高度急性期,実績,2022,813
R7,36,徳島県,高度急性期,実績,2023,813
R7,36,徳島県,高度急性期,実績,2024,1079
R7,36,徳島県,高度急性期,実績,2025,813
R7,36,徳島県,高度急性期,見込量,2026,739
R7,36,徳島県,高度急性期,必要数,2025,718
R7,36,徳島県,急性期,実績,2015,3575
R7,36,徳島県,急性期,実績,2018,3824
R7,36,徳島県,急性期,実績,2019,3527
R7,36,徳島県,急性期,実績,2020,3532
R7,36,徳島県,急性期,実績,2021,3700
R7,36,徳島県,急性期,実績,2022,3577
R7,36,徳島県,急性期,実績,2023,3527
R7,36,徳島県,急性期,実績,2024,3141
R7,36,徳島県,急性期,実績,2025,3310
R7,36,徳島県,急性期,見込量,2026,3395
R7,36,徳島県,急性期,必要数,2025,2393
R7,36,徳島県,回復期,実績,2015,1699
R7,36,徳島県,回復期,実績,2018,2042
R7,36,徳島県,回復期,実績,2019,2339
R7,36,徳島県,回復期,実績,2020,2310
R7,36,徳島県,回復期,実績,2021,2281
R7,36,徳島県,回復期,実績,2022,2387
R7,36,徳島県,回復期,実績,2023,2573
R7,36,徳島県,回復期,実績,2024,2535
R7,36,徳島県,回復期,実績,2025,2412
R7,36,徳島県,回復期,見込量,2026,2388
R7,36,徳島県,回復期,必要数,2025,3003
R7,36,徳島県,慢性期,実績,2015,4908
R7,36,徳島県,慢性期,実績,2018,4996
R7,36,徳島県,慢性期,実績,2019,4679
R7,36,徳島県,慢性期,実績,2020,4487
R7,36,徳島県,慢性期,実績,2021,4063
R7,36,徳島県,慢性期,実績,2022,3722
R7,36,徳島県,慢性期,実績,2023,3563
R7,36,徳島県,慢性期,実績,2024,3451
R7,36,徳島県,慢性期,実績,2025,3362
R7,36,徳島県,慢性期,見込量,2026,3300
R7,36,徳島県,慢性期,必要数,2025,2880
R7,37,香川県,合計,実績,2015,11820
R7,37,香川県,合計,実績,2018,11602
R7,37,香川県,合計,実績,2019,11572
R7,37,香川県,合計,実績,2020,11516
R7,37,香川県,合計,実績,2021,11847
R7,37,香川県,合計,実績,2022,11449
R7,37,香川県,合計,実績,2023,11129
R7,37,香川県,合計,実績,2024,11088
R7,37,香川県,合計,実績,2025,10985
R7,37,香川県,合計,見込量,2026,10891
R7,37,香川県,合計,必要数,2025,10112
R7,37,香川県,高度急性期,実績,2015,864
R7,37,香川県,高度急性期,実績,2018,775
R7,37,香川県,高度急性期,実績,2019,847
R7,37,香川県,高度急性期,実績,2020,978
R7,37,香川県,高度急性期,実績,2021,1011
R7,37,香川県,高度急性期,実績,2022,1020
R7,37,香川県,高度急性期,実績,2023,1158
R7,37,香川県,高度急性期,実績,2024,989
R7,37,香川県,高度急性期,実績,2025,974
R7,37,香川県,高度急性期,見込量,2026,996
R7,37,香川県,高度急性期,必要数,2025,1046
R7,37,香川県,急性期,実績,2015,6367
R7,37,香川県,急性期,実績,2018,6053
R7,37,香川県,急性期,実績,2019,5653
R7,37,香川県,急性期,実績,2020,5694
R7,37,香川県,急性期,実績,2021,5726
R7,37,香川県,急性期,実績,2022,5330
R7,37,香川県,急性期,実績,2023,5020
R7,37,香川県,急性期,実績,2024,5147
R7,37,香川県,急性期,実績,2025,5101
R7,37,香川県,急性期,見込量,2026,4935
R7,37,香川県,急性期,必要数,2025,3386
R7,37,香川県,回復期,実績,2015,1408
R7,37,香川県,回復期,実績,2018,1619
R7,37,香川県,回復期,実績,2019,1909
R7,37,香川県,回復期,実績,2020,1986
R7,37,香川県,回復期,実績,2021,2046
R7,37,香川県,回復期,実績,2022,2124
R7,37,香川県,回復期,実績,2023,2185
R7,37,香川県,回復期,実績,2024,2060
R7,37,香川県,回復期,実績,2025,2160
R7,37,香川県,回復期,見込量,2026,2222
R7,37,香川県,回復期,必要数,2025,3396
R7,37,香川県,慢性期,実績,2015,3181
R7,37,香川県,慢性期,実績,2018,3155
R7,37,香川県,慢性期,実績,2019,3163
R7,37,香川県,慢性期,実績,2020,2858
R7,37,香川県,慢性期,実績,2021,3064
R7,37,香川県,慢性期,実績,2022,2975
R7,37,香川県,慢性期,実績,2023,2766
R7,37,香川県,慢性期,実績,2024,2892
R7,37,香川県,慢性期,実績,2025,2750
R7,37,香川県,慢性期,見込量,2026,2738
R7,37,香川県,慢性期,必要数,2025,2284
R7,38,愛媛県,合計,実績,2015,19481
R7,38,愛媛県,合計,実績,2018,18413
R7,38,愛媛県,合計,実績,2019,17961
R7,38,愛媛県,合計,実績,2020,17397
R7,38,愛媛県,合計,実績,2021,17600
R7,38,愛媛県,合計,実績,2022,17243
R7,38,愛媛県,合計,実績,2023,16711
R7,38,愛媛県,合計,実績,2024,16477
R7,38,愛媛県,合計,実績,2025,16126
R7,38,愛媛県,合計,見込量,2026,16168
R7,38,愛媛県,合計,必要数,2025,14822
R7,38,愛媛県,高度急性期,実績,2015,2214
R7,38,愛媛県,高度急性期,実績,2018,1196
R7,38,愛媛県,高度急性期,実績,2019,1189
R7,38,愛媛県,高度急性期,実績,2020,1193
R7,38,愛媛県,高度急性期,実績,2021,1206
R7,38,愛媛県,高度急性期,実績,2022,1156
R7,38,愛媛県,高度急性期,実績,2023,1159
R7,38,愛媛県,高度急性期,実績,2024,1160
R7,38,愛媛県,高度急性期,実績,2025,1147
R7,38,愛媛県,高度急性期,見込量,2026,1194
R7,38,愛媛県,高度急性期,必要数,2025,1326
R7,38,愛媛県,急性期,実績,2015,8647
R7,38,愛媛県,急性期,実績,2018,8820
R7,38,愛媛県,急性期,実績,2019,8777
R7,38,愛媛県,急性期,実績,2020,8582
R7,38,愛媛県,急性期,実績,2021,8704
R7,38,愛媛県,急性期,実績,2022,8379
R7,38,愛媛県,急性期,実績,2023,8023
R7,38,愛媛県,急性期,実績,2024,7978
R7,38,愛媛県,急性期,実績,2025,7741
R7,38,愛媛県,急性期,見込量,2026,7614
R7,38,愛媛県,急性期,必要数,2025,4724
R7,38,愛媛県,回復期,実績,2015,2148
R7,38,愛媛県,回復期,実績,2018,2915
R7,38,愛媛県,回復期,実績,2019,2853
R7,38,愛媛県,回復期,実績,2020,2918
R7,38,愛媛県,回復期,実績,2021,2848
R7,38,愛媛県,回復期,実績,2022,2911
R7,38,愛媛県,回復期,実績,2023,3176
R7,38,愛媛県,回復期,実績,2024,3000
R7,38,愛媛県,回復期,実績,2025,3009
R7,38,愛媛県,回復期,見込量,2026,3199
R7,38,愛媛県,回復期,必要数,2025,4893
R7,38,愛媛県,慢性期,実績,2015,6472
R7,38,愛媛県,慢性期,実績,2018,5482
R7,38,愛媛県,慢性期,実績,2019,5142
R7,38,愛媛県,慢性期,実績,2020,4704
R7,38,愛媛県,慢性期,実績,2021,4842
R7,38,愛媛県,慢性期,実績,2022,4797
R7,38,愛媛県,慢性期,実績,2023,4353
R7,38,愛媛県,慢性期,実績,2024,4339
R7,38,愛媛県,慢性期,実績,2025,4229
R7,38,愛媛県,慢性期,見込量,2026,4161
R7,38,愛媛県,慢性期,必要数,2025,3879
R7,39,高知県,合計,実績,2015,15085
R7,39,高知県,合計,実績,2018,15182
R7,39,高知県,合計,実績,2019,14462
R7,39,高知県,合計,実績,2020,13393
R7,39,高知県,合計,実績,2021,12994
R7,39,高知県,合計,実績,2022,13117
R7,39,高知県,合計,実績,2023,12681
R7,39,高知県,合計,実績,2024,12826
R7,39,高知県,合計,実績,2025,12524
R7,39,高知県,合計,見込量,2026,12427
R7,39,高知県,合計,必要数,2025,11252
R7,39,高知県,高度急性期,実績,2015,895
R7,39,高知県,高度急性期,実績,2018,1052
R7,39,高知県,高度急性期,実績,2019,1052
R7,39,高知県,高度急性期,実績,2020,1031
R7,39,高知県,高度急性期,実績,2021,1031
R7,39,高知県,高度急性期,実績,2022,1029
R7,39,高知県,高度急性期,実績,2023,994
R7,39,高知県,高度急性期,実績,2024,1000
R7,39,高知県,高度急性期,実績,2025,1057
R7,39,高知県,高度急性期,見込量,2026,1062
R7,39,高知県,高度急性期,必要数,2025,840
R7,39,高知県,急性期,実績,2015,5558
R7,39,高知県,急性期,実績,2018,4949
R7,39,高知県,急性期,実績,2019,4829
R7,39,高知県,急性期,実績,2020,4762
R7,39,高知県,急性期,実績,2021,4586
R7,39,高知県,急性期,実績,2022,4522
R7,39,高知県,急性期,実績,2023,4395
R7,39,高知県,急性期,実績,2024,4694
R7,39,高知県,急性期,実績,2025,4255
R7,39,高知県,急性期,見込量,2026,4257
R7,39,高知県,急性期,必要数,2025,2860
R7,39,高知県,回復期,実績,2015,1642
R7,39,高知県,回復期,実績,2018,1880
R7,39,高知県,回復期,実績,2019,1951
R7,39,高知県,回復期,実績,2020,1936
R7,39,高知県,回復期,実績,2021,2035
R7,39,高知県,回復期,実績,2022,1952
R7,39,高知県,回復期,実績,2023,2210
R7,39,高知県,回復期,実績,2024,1981
R7,39,高知県,回復期,実績,2025,2105
R7,39,高知県,回復期,見込量,2026,2153
R7,39,高知県,回復期,必要数,2025,3286
R7,39,高知県,慢性期,実績,2015,6990
R7,39,高知県,慢性期,実績,2018,7301
R7,39,高知県,慢性期,実績,2019,6630
R7,39,高知県,慢性期,実績,2020,5664
R7,39,高知県,慢性期,実績,2021,5342
R7,39,高知県,慢性期,実績,2022,5614
R7,39,高知県,慢性期,実績,2023,5082
R7,39,高知県,慢性期,実績,2024,5151
R7,39,高知県,慢性期,実績,2025,5107
R7,39,高知県,慢性期,見込量,2026,4955
R7,39,高知県,慢性期,必要数,2025,4266
R7,40,福岡県,合計,実績,2015,68609
R7,40,福岡県,合計,実績,2018,68979
R7,40,福岡県,合計,実績,2019,67028
R7,40,福岡県,合計,実績,2020,64439
R7,40,福岡県,合計,実績,2021,65445
R7,40,福岡県,合計,実績,2022,64804
R7,40,福岡県,合計,実績,2023,65037
R7,40,福岡県,合計,実績,2024,63742
R7,40,福岡県,合計,実績,2025,62230
R7,40,福岡県,合計,見込量,2026,61623
R7,40,福岡県,合計,必要数,2025,65383
R7,40,福岡県,高度急性期,実績,2015,8130
R7,40,福岡県,高度急性期,実績,2018,7840
R7,40,福岡県,高度急性期,実績,2019,7788
R7,40,福岡県,高度急性期,実績,2020,7647
R7,40,福岡県,高度急性期,実績,2021,7823
R7,40,福岡県,高度急性期,実績,2022,7679
R7,40,福岡県,高度急性期,実績,2023,7679
R7,40,福岡県,高度急性期,実績,2024,7745
R7,40,福岡県,高度急性期,実績,2025,7862
R7,40,福岡県,高度急性期,見込量,2026,7782
R7,40,福岡県,高度急性期,必要数,2025,7317
R7,40,福岡県,急性期,実績,2015,28324
R7,40,福岡県,急性期,実績,2018,27201
R7,40,福岡県,急性期,実績,2019,26482
R7,40,福岡県,急性期,実績,2020,25827
R7,40,福岡県,急性期,実績,2021,26007
R7,40,福岡県,急性期,実績,2022,25877
R7,40,福岡県,急性期,実績,2023,26017
R7,40,福岡県,急性期,実績,2024,24732
R7,40,福岡県,急性期,実績,2025,24392
R7,40,福岡県,急性期,見込量,2026,24025
R7,40,福岡県,急性期,必要数,2025,21314
R7,40,福岡県,回復期,実績,2015,8945
R7,40,福岡県,回復期,実績,2018,11393
R7,40,福岡県,回復期,実績,2019,12070
R7,40,福岡県,回復期,実績,2020,11583
R7,40,福岡県,回復期,実績,2021,12030
R7,40,福岡県,回復期,実績,2022,12279
R7,40,福岡県,回復期,実績,2023,12285
R7,40,福岡県,回復期,実績,2024,12665
R7,40,福岡県,回復期,実績,2025,12425
R7,40,福岡県,回復期,見込量,2026,13036
R7,40,福岡県,回復期,必要数,2025,21123
R7,40,福岡県,慢性期,実績,2015,23210
R7,40,福岡県,慢性期,実績,2018,22545
R7,40,福岡県,慢性期,実績,2019,20688
R7,40,福岡県,慢性期,実績,2020,19382
R7,40,福岡県,慢性期,実績,2021,19585
R7,40,福岡県,慢性期,実績,2022,18969
R7,40,福岡県,慢性期,実績,2023,19056
R7,40,福岡県,慢性期,実績,2024,18600
R7,40,福岡県,慢性期,実績,2025,17551
R7,40,福岡県,慢性期,見込量,2026,16780
R7,40,福岡県,慢性期,必要数,2025,15629
R7,41,佐賀県,合計,実績,2015,11911
R7,41,佐賀県,合計,実績,2018,11794
R7,41,佐賀県,合計,実績,2019,11648
R7,41,佐賀県,合計,実績,2020,11715
R7,41,佐賀県,合計,実績,2021,10855
R7,41,佐賀県,合計,実績,2022,11608
R7,41,佐賀県,合計,実績,2023,11072
R7,41,佐賀県,合計,実績,2024,11192
R7,41,佐賀県,合計,実績,2025,11305
R7,41,佐賀県,合計,見込量,2026,10694
R7,41,佐賀県,合計,必要数,2025,9078
R7,41,佐賀県,高度急性期,実績,2015,558
R7,41,佐賀県,高度急性期,実績,2018,182
R7,41,佐賀県,高度急性期,実績,2019,240
R7,41,佐賀県,高度急性期,実績,2020,231
R7,41,佐賀県,高度急性期,実績,2021,239
R7,41,佐賀県,高度急性期,実績,2022,255
R7,41,佐賀県,高度急性期,実績,2023,255
R7,41,佐賀県,高度急性期,実績,2024,255
R7,41,佐賀県,高度急性期,実績,2025,249
R7,41,佐賀県,高度急性期,見込量,2026,249
R7,41,佐賀県,高度急性期,必要数,2025,697
R7,41,佐賀県,急性期,実績,2015,5411
R7,41,佐賀県,急性期,実績,2018,5550
R7,41,佐賀県,急性期,実績,2019,5196
R7,41,佐賀県,急性期,実績,2020,5253
R7,41,佐賀県,急性期,実績,2021,5045
R7,41,佐賀県,急性期,実績,2022,5088
R7,41,佐賀県,急性期,実績,2023,4971
R7,41,佐賀県,急性期,実績,2024,5083
R7,41,佐賀県,急性期,実績,2025,4767
R7,41,佐賀県,急性期,見込量,2026,4661
R7,41,佐賀県,急性期,必要数,2025,2638
R7,41,佐賀県,回復期,実績,2015,1536
R7,41,佐賀県,回復期,実績,2018,1917
R7,41,佐賀県,回復期,実績,2019,1937
R7,41,佐賀県,回復期,実績,2020,2171
R7,41,佐賀県,回復期,実績,2021,2161
R7,41,佐賀県,回復期,実績,2022,2498
R7,41,佐賀県,回復期,実績,2023,2407
R7,41,佐賀県,回復期,実績,2024,2278
R7,41,佐賀県,回復期,実績,2025,2375
R7,41,佐賀県,回復期,見込量,2026,2210
R7,41,佐賀県,回復期,必要数,2025,3099
R7,41,佐賀県,慢性期,実績,2015,4406
R7,41,佐賀県,慢性期,実績,2018,4145
R7,41,佐賀県,慢性期,実績,2019,4275
R7,41,佐賀県,慢性期,実績,2020,4060
R7,41,佐賀県,慢性期,実績,2021,3410
R7,41,佐賀県,慢性期,実績,2022,3767
R7,41,佐賀県,慢性期,実績,2023,3439
R7,41,佐賀県,慢性期,実績,2024,3576
R7,41,佐賀県,慢性期,実績,2025,3914
R7,41,佐賀県,慢性期,見込量,2026,3574
R7,41,佐賀県,慢性期,必要数,2025,2644
R7,42,長崎県,合計,実績,2015,21164
R7,42,長崎県,合計,実績,2018,20774
R7,42,長崎県,合計,実績,2019,20514
R7,42,長崎県,合計,実績,2020,20086
R7,42,長崎県,合計,実績,2021,19666
R7,42,長崎県,合計,実績,2022,19208
R7,42,長崎県,合計,実績,2023,19006
R7,42,長崎県,合計,実績,2024,18407
R7,42,長崎県,合計,実績,2025,17828
R7,42,長崎県,合計,見込量,2026,17534
R7,42,長崎県,合計,必要数,2025,16862
R7,42,長崎県,高度急性期,実績,2015,1653
R7,42,長崎県,高度急性期,実績,2018,1585
R7,42,長崎県,高度急性期,実績,2019,1609
R7,42,長崎県,高度急性期,実績,2020,1546
R7,42,長崎県,高度急性期,実績,2021,1562
R7,42,長崎県,高度急性期,実績,2022,1417
R7,42,長崎県,高度急性期,実績,2023,1529
R7,42,長崎県,高度急性期,実績,2024,1511
R7,42,長崎県,高度急性期,実績,2025,1404
R7,42,長崎県,高度急性期,見込量,2026,1388
R7,42,長崎県,高度急性期,必要数,2025,1457
R7,42,長崎県,急性期,実績,2015,9882
R7,42,長崎県,急性期,実績,2018,8801
R7,42,長崎県,急性期,実績,2019,8463
R7,42,長崎県,急性期,実績,2020,8561
R7,42,長崎県,急性期,実績,2021,8294
R7,42,長崎県,急性期,実績,2022,7970
R7,42,長崎県,急性期,実績,2023,7712
R7,42,長崎県,急性期,実績,2024,7578
R7,42,長崎県,急性期,実績,2025,7294
R7,42,長崎県,急性期,見込量,2026,7121
R7,42,長崎県,急性期,必要数,2025,5400
R7,42,長崎県,回復期,実績,2015,2896
R7,42,長崎県,回復期,実績,2018,3682
R7,42,長崎県,回復期,実績,2019,3857
R7,42,長崎県,回復期,実績,2020,3640
R7,42,長崎県,回復期,実績,2021,3565
R7,42,長崎県,回復期,実績,2022,3735
R7,42,長崎県,回復期,実績,2023,3725
R7,42,長崎県,回復期,実績,2024,3696
R7,42,長崎県,回復期,実績,2025,3609
R7,42,長崎県,回復期,見込量,2026,3625
R7,42,長崎県,回復期,必要数,2025,5660
R7,42,長崎県,慢性期,実績,2015,6733
R7,42,長崎県,慢性期,実績,2018,6706
R7,42,長崎県,慢性期,実績,2019,6585
R7,42,長崎県,慢性期,実績,2020,6339
R7,42,長崎県,慢性期,実績,2021,6245
R7,42,長崎県,慢性期,実績,2022,6086
R7,42,長崎県,慢性期,実績,2023,6040
R7,42,長崎県,慢性期,実績,2024,5622
R7,42,長崎県,慢性期,実績,2025,5521
R7,42,長崎県,慢性期,見込量,2026,5400
R7,42,長崎県,慢性期,必要数,2025,4345
R7,43,熊本県,合計,実績,2015,29923
R7,43,熊本県,合計,実績,2018,28610
R7,43,熊本県,合計,実績,2019,27659
R7,43,熊本県,合計,実績,2020,26704
R7,43,熊本県,合計,実績,2021,26464
R7,43,熊本県,合計,実績,2022,25842
R7,43,熊本県,合計,実績,2023,25747
R7,43,熊本県,合計,実績,2024,25404
R7,43,熊本県,合計,実績,2025,24868
R7,43,熊本県,合計,見込量,2026,24578
R7,43,熊本県,合計,必要数,2025,21024
R7,43,熊本県,高度急性期,実績,2015,2616
R7,43,熊本県,高度急性期,実績,2018,2577
R7,43,熊本県,高度急性期,実績,2019,2587
R7,43,熊本県,高度急性期,実績,2020,2648
R7,43,熊本県,高度急性期,実績,2021,2667
R7,43,熊本県,高度急性期,実績,2022,2635
R7,43,熊本県,高度急性期,実績,2023,2653
R7,43,熊本県,高度急性期,実績,2024,2668
R7,43,熊本県,高度急性期,実績,2025,2646
R7,43,熊本県,高度急性期,見込量,2026,2646
R7,43,熊本県,高度急性期,必要数,2025,1875
R7,43,熊本県,急性期,実績,2015,10893
R7,43,熊本県,急性期,実績,2018,9581
R7,43,熊本県,急性期,実績,2019,9033
R7,43,熊本県,急性期,実績,2020,9013
R7,43,熊本県,急性期,実績,2021,8971
R7,43,熊本県,急性期,実績,2022,8875
R7,43,熊本県,急性期,実績,2023,8675
R7,43,熊本県,急性期,実績,2024,8280
R7,43,熊本県,急性期,実績,2025,8038
R7,43,熊本県,急性期,見込量,2026,7886
R7,43,熊本県,急性期,必要数,2025,6007
R7,43,熊本県,回復期,実績,2015,4875
R7,43,熊本県,回復期,実績,2018,5948
R7,43,熊本県,回復期,実績,2019,6448
R7,43,熊本県,回復期,実績,2020,6114
R7,43,熊本県,回復期,実績,2021,6267
R7,43,熊本県,回復期,実績,2022,6195
R7,43,熊本県,回復期,実績,2023,6321
R7,43,熊本県,回復期,実績,2024,6314
R7,43,熊本県,回復期,実績,2025,6025
R7,43,熊本県,回復期,見込量,2026,6154
R7,43,熊本県,回復期,必要数,2025,7050
R7,43,熊本県,慢性期,実績,2015,11539
R7,43,熊本県,慢性期,実績,2018,10504
R7,43,熊本県,慢性期,実績,2019,9591
R7,43,熊本県,慢性期,実績,2020,8929
R7,43,熊本県,慢性期,実績,2021,8559
R7,43,熊本県,慢性期,実績,2022,8137
R7,43,熊本県,慢性期,実績,2023,8098
R7,43,熊本県,慢性期,実績,2024,8142
R7,43,熊本県,慢性期,実績,2025,8159
R7,43,熊本県,慢性期,見込量,2026,7892
R7,43,熊本県,慢性期,必要数,2025,6092
R7,44,大分県,合計,実績,2015,17397
R7,44,大分県,合計,実績,2018,16925
R7,44,大分県,合計,実績,2019,16660
R7,44,大分県,合計,実績,2020,16487
R7,44,大分県,合計,実績,2021,16550
R7,44,大分県,合計,実績,2022,16635
R7,44,大分県,合計,実績,2023,16079
R7,44,大分県,合計,実績,2024,16463
R7,44,大分県,合計,実績,2025,15632
R7,44,大分県,合計,見込量,2026,15806
R7,44,大分県,合計,必要数,2025,14649
R7,44,大分県,高度急性期,実績,2015,1386
R7,44,大分県,高度急性期,実績,2018,1107
R7,44,大分県,高度急性期,実績,2019,1216
R7,44,大分県,高度急性期,実績,2020,1215
R7,44,大分県,高度急性期,実績,2021,1264
R7,44,大分県,高度急性期,実績,2022,1261
R7,44,大分県,高度急性期,実績,2023,1255
R7,44,大分県,高度急性期,実績,2024,1257
R7,44,大分県,高度急性期,実績,2025,1258
R7,44,大分県,高度急性期,見込量,2026,1176
R7,44,大分県,高度急性期,必要数,2025,1295
R7,44,大分県,急性期,実績,2015,9734
R7,44,大分県,急性期,実績,2018,9494
R7,44,大分県,急性期,実績,2019,9032
R7,44,大分県,急性期,実績,2020,9015
R7,44,大分県,急性期,実績,2021,8870
R7,44,大分県,急性期,実績,2022,8721
R7,44,大分県,急性期,実績,2023,8237
R7,44,大分県,急性期,実績,2024,8240
R7,44,大分県,急性期,実績,2025,7776
R7,44,大分県,急性期,見込量,2026,7836
R7,44,大分県,急性期,必要数,2025,4908
R7,44,大分県,回復期,実績,2015,2504
R7,44,大分県,回復期,実績,2018,2948
R7,44,大分県,回復期,実績,2019,3184
R7,44,大分県,回復期,実績,2020,2991
R7,44,大分県,回復期,実績,2021,3065
R7,44,大分県,回復期,実績,2022,3490
R7,44,大分県,回復期,実績,2023,3574
R7,44,大分県,回復期,実績,2024,3848
R7,44,大分県,回復期,実績,2025,3672
R7,44,大分県,回復期,見込量,2026,3596
R7,44,大分県,回復期,必要数,2025,5391
R7,44,大分県,慢性期,実績,2015,3773
R7,44,大分県,慢性期,実績,2018,3376
R7,44,大分県,慢性期,実績,2019,3228
R7,44,大分県,慢性期,実績,2020,3266
R7,44,大分県,慢性期,実績,2021,3351
R7,44,大分県,慢性期,実績,2022,3163
R7,44,大分県,慢性期,実績,2023,3013
R7,44,大分県,慢性期,実績,2024,3118
R7,44,大分県,慢性期,実績,2025,2926
R7,44,大分県,慢性期,見込量,2026,3198
R7,44,大分県,慢性期,必要数,2025,3055
R7,45,宮崎県,合計,実績,2015,15361
R7,45,宮崎県,合計,実績,2018,14866
R7,45,宮崎県,合計,実績,2019,14352
R7,45,宮崎県,合計,実績,2020,14390
R7,45,宮崎県,合計,実績,2021,14600
R7,45,宮崎県,合計,実績,2022,14092
R7,45,宮崎県,合計,実績,2023,13158
R7,45,宮崎県,合計,実績,2024,12872
R7,45,宮崎県,合計,実績,2025,12968
R7,45,宮崎県,合計,見込量,2026,12608
R7,45,宮崎県,合計,必要数,2025,11048
R7,45,宮崎県,高度急性期,実績,2015,808
R7,45,宮崎県,高度急性期,実績,2018,840
R7,45,宮崎県,高度急性期,実績,2019,845
R7,45,宮崎県,高度急性期,実績,2020,773
R7,45,宮崎県,高度急性期,実績,2021,828
R7,45,宮崎県,高度急性期,実績,2022,811
R7,45,宮崎県,高度急性期,実績,2023,786
R7,45,宮崎県,高度急性期,実績,2024,826
R7,45,宮崎県,高度急性期,実績,2025,826
R7,45,宮崎県,高度急性期,見込量,2026,835
R7,45,宮崎県,高度急性期,必要数,2025,1002
R7,45,宮崎県,急性期,実績,2015,8390
R7,45,宮崎県,急性期,実績,2018,7819
R7,45,宮崎県,急性期,実績,2019,7529
R7,45,宮崎県,急性期,実績,2020,7369
R7,45,宮崎県,急性期,実績,2021,7614
R7,45,宮崎県,急性期,実績,2022,7509
R7,45,宮崎県,急性期,実績,2023,7062
R7,45,宮崎県,急性期,実績,2024,6972
R7,45,宮崎県,急性期,実績,2025,6828
R7,45,宮崎県,急性期,見込量,2026,6530
R7,45,宮崎県,急性期,必要数,2025,3358
R7,45,宮崎県,回復期,実績,2015,1872
R7,45,宮崎県,回復期,実績,2018,2244
R7,45,宮崎県,回復期,実績,2019,2165
R7,45,宮崎県,回復期,実績,2020,2277
R7,45,宮崎県,回復期,実績,2021,2417
R7,45,宮崎県,回復期,実績,2022,2222
R7,45,宮崎県,回復期,実績,2023,2214
R7,45,宮崎県,回復期,実績,2024,2074
R7,45,宮崎県,回復期,実績,2025,2064
R7,45,宮崎県,回復期,見込量,2026,2218
R7,45,宮崎県,回復期,必要数,2025,4020
R7,45,宮崎県,慢性期,実績,2015,4291
R7,45,宮崎県,慢性期,実績,2018,3963
R7,45,宮崎県,慢性期,実績,2019,3813
R7,45,宮崎県,慢性期,実績,2020,3971
R7,45,宮崎県,慢性期,実績,2021,3741
R7,45,宮崎県,慢性期,実績,2022,3550
R7,45,宮崎県,慢性期,実績,2023,3096
R7,45,宮崎県,慢性期,実績,2024,3000
R7,45,宮崎県,慢性期,実績,2025,3250
R7,45,宮崎県,慢性期,見込量,2026,3025
R7,45,宮崎県,慢性期,必要数,2025,2668
R7,46,鹿児島県,合計,実績,2015,26011
R7,46,鹿児島県,合計,実績,2018,27226
R7,46,鹿児島県,合計,実績,2019,26229
R7,46,鹿児島県,合計,実績,2020,25438
R7,46,鹿児島県,合計,実績,2021,25153
R7,46,鹿児島県,合計,実績,2022,23990
R7,46,鹿児島県,合計,実績,2023,23925
R7,46,鹿児島県,合計,実績,2024,23828
R7,46,鹿児島県,合計,実績,2025,23743
R7,46,鹿児島県,合計,見込量,2026,23260
R7,46,鹿児島県,合計,必要数,2025,19944
R7,46,鹿児島県,高度急性期,実績,2015,1478
R7,46,鹿児島県,高度急性期,実績,2018,1316
R7,46,鹿児島県,高度急性期,実績,2019,1252
R7,46,鹿児島県,高度急性期,実績,2020,1209
R7,46,鹿児島県,高度急性期,実績,2021,1314
R7,46,鹿児島県,高度急性期,実績,2022,1288
R7,46,鹿児島県,高度急性期,実績,2023,1526
R7,46,鹿児島県,高度急性期,実績,2024,1811
R7,46,鹿児島県,高度急性期,実績,2025,1694
R7,46,鹿児島県,高度急性期,見込量,2026,1711
R7,46,鹿児島県,高度急性期,必要数,2025,1540
R7,46,鹿児島県,急性期,実績,2015,12226
R7,46,鹿児島県,急性期,実績,2018,12200
R7,46,鹿児島県,急性期,実績,2019,11670
R7,46,鹿児島県,急性期,実績,2020,10822
R7,46,鹿児島県,急性期,実績,2021,10881
R7,46,鹿児島県,急性期,実績,2022,10246
R7,46,鹿児島県,急性期,実績,2023,10060
R7,46,鹿児島県,急性期,実績,2024,9496
R7,46,鹿児島県,急性期,実績,2025,9548
R7,46,鹿児島県,急性期,見込量,2026,9368
R7,46,鹿児島県,急性期,必要数,2025,5534
R7,46,鹿児島県,回復期,実績,2015,3854
R7,46,鹿児島県,回復期,実績,2018,5141
R7,46,鹿児島県,回復期,実績,2019,5184
R7,46,鹿児島県,回復期,実績,2020,5883
R7,46,鹿児島県,回復期,実績,2021,5710
R7,46,鹿児島県,回復期,実績,2022,5572
R7,46,鹿児島県,回復期,実績,2023,5503
R7,46,鹿児島県,回復期,実績,2024,5857
R7,46,鹿児島県,回復期,実績,2025,5940
R7,46,鹿児島県,回復期,見込量,2026,6040
R7,46,鹿児島県,回復期,必要数,2025,7048
R7,46,鹿児島県,慢性期,実績,2015,8453
R7,46,鹿児島県,慢性期,実績,2018,8569
R7,46,鹿児島県,慢性期,実績,2019,8123
R7,46,鹿児島県,慢性期,実績,2020,7524
R7,46,鹿児島県,慢性期,実績,2021,7248
R7,46,鹿児島県,慢性期,実績,2022,6884
R7,46,鹿児島県,慢性期,実績,2023,6836
R7,46,鹿児島県,慢性期,実績,2024,6664
R7,46,鹿児島県,慢性期,実績,2025,6561
R7,46,鹿児島県,慢性期,見込量,2026,6141
R7,46,鹿児島県,慢性期,必要数,2025,5822
R7,47,沖縄県,合計,実績,2015,14198
R7,47,沖縄県,合計,実績,2018,12969
R7,47,沖縄県,合計,実績,2019,13326
R7,47,沖縄県,合計,実績,2020,13622
R7,47,沖縄県,合計,実績,2021,13620
R7,47,沖縄県,合計,実績,2022,13329
R7,47,沖縄県,合計,実績,2023,13742
R7,47,沖縄県,合計,実績,2024,13597
R7,47,沖縄県,合計,実績,2025,13820
R7,47,沖縄県,合計,見込量,2026,13698
R7,47,沖縄県,合計,必要数,2025,15280
R7,47,沖縄県,高度急性期,実績,2015,1817
R7,47,沖縄県,高度急性期,実績,2018,1212
R7,47,沖縄県,高度急性期,実績,2019,1180
R7,47,沖縄県,高度急性期,実績,2020,1158
R7,47,沖縄県,高度急性期,実績,2021,1166
R7,47,沖縄県,高度急性期,実績,2022,1148
R7,47,沖縄県,高度急性期,実績,2023,1164
R7,47,沖縄県,高度急性期,実績,2024,1263
R7,47,沖縄県,高度急性期,実績,2025,1455
R7,47,沖縄県,高度急性期,見込量,2026,1469
R7,47,沖縄県,高度急性期,必要数,2025,1831
R7,47,沖縄県,急性期,実績,2015,6403
R7,47,沖縄県,急性期,実績,2018,6510
R7,47,沖縄県,急性期,実績,2019,6271
R7,47,沖縄県,急性期,実績,2020,6472
R7,47,沖縄県,急性期,実績,2021,6514
R7,47,沖縄県,急性期,実績,2022,6322
R7,47,沖縄県,急性期,実績,2023,6326
R7,47,沖縄県,急性期,実績,2024,6144
R7,47,沖縄県,急性期,実績,2025,5671
R7,47,沖縄県,急性期,見込量,2026,5645
R7,47,沖縄県,急性期,必要数,2025,5427
R7,47,沖縄県,回復期,実績,2015,1268
R7,47,沖縄県,回復期,実績,2018,1706
R7,47,沖縄県,回復期,実績,2019,1865
R7,47,沖縄県,回復期,実績,2020,2006
R7,47,沖縄県,回復期,実績,2021,2092
R7,47,沖縄県,回復期,実績,2022,2322
R7,47,沖縄県,回復期,実績,2023,2466
R7,47,沖縄県,回復期,実績,2024,2607
R7,47,沖縄県,回復期,実績,2025,2814
R7,47,沖縄県,回復期,見込量,2026,2841
R7,47,沖縄県,回復期,必要数,2025,4674
R7,47,沖縄県,慢性期,実績,2015,4710
R7,47,沖縄県,慢性期,実績,2018,3541
R7,47,沖縄県,慢性期,実績,2019,4010
R7,47,沖縄県,慢性期,実績,2020,3986
R7,47,沖縄県,慢性期,実績,2021,3848
R7,47,沖縄県,慢性期,実績,2022,3537
R7,47,沖縄県,慢性期,実績,2023,3786
R7,47,沖縄県,慢性期,実績,2024,3583
R7,47,沖縄県,慢性期,実績,2025,3880
R7,47,沖縄県,慢性期,見込量,2026,3743
R7,47,沖縄県,慢性期,必要数,2025,3348
