published_fy,pref_code,pref_name,year,report_rate
R7,00,全国,2015,0.9535699546017334
R7,00,全国,2018,0.9701998701204994
R7,00,全国,2019,0.9746117084826762
R7,00,全国,2020,0.9617873182613991
R7,00,全国,2021,0.9684275851369172
R7,00,全国,2022,0.9667196187450358
R7,00,全国,2023,0.9855084196891192
R7,00,全国,2024,0.9855084196891192
R7,00,全国,2025,0.9860544217687075
R7,01,北海道,2015,0.9644495412844036
R7,01,北海道,2018,0.9839816933638444
R7,01,北海道,2019,0.986873508353222
R7,01,北海道,2020,0.9645909645909646
R7,01,北海道,2021,0.9711779448621554
R7,01,北海道,2022,0.9551856594110115
R7,01,北海道,2023,0.9470967741935484
R7,01,北海道,2024,0.9580602883355177
R7,01,北海道,2025,0.9798387096774194
R7,02,青森県,2015,0.9649122807017544
R7,02,青森県,2018,0.9534883720930233
R7,02,青森県,2019,1
R7,02,青森県,2020,1
R7,02,青森県,2021,1
R7,02,青森県,2022,1
R7,02,青森県,2023,1
R7,02,青森県,2024,1
R7,02,青森県,2025,1
R7,03,岩手県,2015,0.9388888888888889
R7,03,岩手県,2018,0.9763313609467456
R7,03,岩手県,2019,0.9570552147239264
R7,03,岩手県,2020,0.9937106918238994
R7,03,岩手県,2021,0.98125
R7,03,岩手県,2022,1
R7,03,岩手県,2023,0.9933333333333333
R7,03,岩手県,2024,0.9928057553956835
R7,03,岩手県,2025,1
R7,04,宮城県,2015,0.97165991902834
R7,04,宮城県,2018,0.9956709956709957
R7,04,宮城県,2019,0.9909502262443439
R7,04,宮城県,2020,1
R7,04,宮城県,2021,1
R7,04,宮城県,2022,1
R7,04,宮城県,2023,1
R7,04,宮城県,2024,1
R7,04,宮城県,2025,1
R7,05,秋田県,2015,0.9316239316239316
R7,05,秋田県,2018,0.981651376146789
R7,05,秋田県,2019,0.9714285714285714
R7,05,秋田県,2020,0.9801980198019802
R7,05,秋田県,2021,0.9896907216494846
R7,05,秋田県,2022,0.9789473684210527
R7,05,秋田県,2023,1
R7,05,秋田県,2024,1
R7,05,秋田県,2025,1
R7,06,山形県,2015,1
R7,06,山形県,2018,0.9727272727272728
R7,06,山形県,2019,0.9813084112149533
R7,06,山形県,2020,0.9807692307692307
R7,06,山形県,2021,1
R7,06,山形県,2022,1
R7,06,山形県,2023,1.0106382978723405
R7,06,山形県,2024,1
R7,06,山形県,2025,1
R7,07,福島県,2015,0.9241706161137441
R7,07,福島県,2018,0.9024390243902439
R7,07,福島県,2019,0.8541666666666666
R7,07,福島県,2020,0.907103825136612
R7,07,福島県,2021,0.9120879120879121
R7,07,福島県,2022,0.9712643678160919
R7,07,福島県,2023,0.9821428571428571
R7,07,福島県,2024,0.9815950920245399
R7,07,福島県,2025,0.9937888198757764
R7,08,茨城県,2015,0.9419795221843004
R7,08,茨城県,2018,0.8781362007168458
R7,08,茨城県,2019,1.0037593984962405
R7,08,茨城県,2020,0.9810606060606061
R7,08,茨城県,2021,0.9961685823754789
R7,08,茨城県,2022,0.9525691699604744
R7,08,茨城県,2023,0.9839357429718876
R7,08,茨城県,2024,0.975103734439834
R7,08,茨城県,2025,0.9451476793248945
R7,09,栃木県,2015,1
R7,09,栃木県,2018,0.9897959183673469
R7,09,栃木県,2019,1
R7,09,栃木県,2020,0.9358288770053476
R7,09,栃木県,2021,0.8877005347593583
R7,09,栃木県,2022,0.978021978021978
R7,09,栃木県,2023,0.9828571428571429
R7,09,栃木県,2024,0.9824561403508771
R7,09,栃木県,2025,0.9757575757575757
R7,10,群馬県,2015,0.9857142857142858
R7,10,群馬県,2018,0.9849246231155779
R7,10,群馬県,2019,1
R7,10,群馬県,2020,1
R7,10,群馬県,2021,1
R7,10,群馬県,2022,1
R7,10,群馬県,2023,1
R7,10,群馬県,2024,1
R7,10,群馬県,2025,1
R7,11,埼玉県,2015,0.9078156312625251
R7,11,埼玉県,2018,0.9405940594059405
R7,11,埼玉県,2019,0.9608247422680413
R7,11,埼玉県,2020,0.9506172839506173
R7,11,埼玉県,2021,0.934020618556701
R7,11,埼玉県,2022,0.9515789473684211
R7,11,埼玉県,2023,0.951271186440678
R7,11,埼玉県,2024,0.9463519313304721
R7,11,埼玉県,2025,0.9978070175438597
R7,12,千葉県,2015,0.9721577726218097
R7,12,千葉県,2018,0.9639423076923077
R7,12,千葉県,2019,0.9535452322738386
R7,12,千葉県,2020,0.9605911330049262
R7,12,千葉県,2021,0.9368686868686869
R7,12,千葉県,2022,0.9256410256410257
R7,12,千葉県,2023,0.9920844327176781
R7,12,千葉県,2024,0.9946949602122016
R7,12,千葉県,2025,0.989247311827957
R7,13,東京都,2015,0.9716684155299056
R7,13,東京都,2018,0.9497206703910615
R7,13,東京都,2019,0.9572254335260115
R7,13,東京都,2020,0.8993135011441648
R7,13,東京都,2021,0.9144508670520232
R7,13,東京都,2022,0.9384436701509872
R7,13,東京都,2023,0.9498249708284714
R7,13,東京都,2024,0.9845788849347569
R7,13,東京都,2025,0.9809750297265161
R7,14,神奈川県,2015,0.9546351084812623
R7,14,神奈川県,2018,0.9937106918238994
R7,14,神奈川県,2019,0.9913793103448276
R7,14,神奈川県,2020,0.9740820734341252
R7,14,神奈川県,2021,0.9694323144104804
R7,14,神奈川県,2022,0.9888641425389755
R7,14,神奈川県,2023,0.9977272727272727
R7,14,神奈川県,2024,0.993103448275862
R7,14,神奈川県,2025,1
R7,15,新潟県,2015,0.9393939393939394
R7,15,新潟県,2018,0.9735099337748344
R7,15,新潟県,2019,0.9932432432432432
R7,15,新潟県,2020,0.958904109589041
R7,15,新潟県,2021,0.9577464788732394
R7,15,新潟県,2022,0.948905109489051
R7,15,新潟県,2023,1
R7,15,新潟県,2024,0.9848484848484849
R7,15,新潟県,2025,0.9770992366412213
R7,16,富山県,2015,0.9485294117647058
R7,16,富山県,2018,1
R7,16,富山県,2019,1
R7,16,富山県,2020,0.9917355371900827
R7,16,富山県,2021,1
R7,16,富山県,2022,0.9831932773109243
R7,16,富山県,2023,1
R7,16,富山県,2024,1
R7,16,富山県,2025,1
R7,17,石川県,2015,0.9205298013245033
R7,17,石川県,2018,1
R7,17,石川県,2019,0.9858156028368794
R7,17,石川県,2020,1
R7,17,石川県,2021,0.9851851851851852
R7,17,石川県,2022,0.9924242424242424
R7,17,石川県,2023,1
R7,17,石川県,2024,0.9921259842519685
R7,17,石川県,2025,1
R7,18,福井県,2015,0.9541984732824428
R7,18,福井県,2018,1.0084033613445378
R7,18,福井県,2019,1
R7,18,福井県,2020,1
R7,18,福井県,2021,0.9819819819819819
R7,18,福井県,2022,0.9907407407407407
R7,18,福井県,2023,1
R7,18,福井県,2024,1
R7,18,福井県,2025,1
R7,19,山梨県,2015,0.9887640449438202
R7,19,山梨県,2018,1
R7,19,山梨県,2019,1
R7,19,山梨県,2020,1
R7,19,山梨県,2021,0.9518072289156626
R7,19,山梨県,2022,1
R7,19,山梨県,2023,1
R7,19,山梨県,2024,1
R7,19,山梨県,2025,1
R7,20,長野県,2015,0.9576719576719577
R7,20,長野県,2018,0.9497206703910615
R7,20,長野県,2019,0.9491525423728814
R7,20,長野県,2020,0.9593023255813954
R7,20,長野県,2021,0.9941520467836257
R7,20,長野県,2022,1
R7,20,長野県,2023,1
R7,20,長野県,2024,1
R7,20,長野県,2025,0.9935897435897436
R7,21,岐阜県,2015,0.9820627802690582
R7,21,岐阜県,2018,0.9858490566037735
R7,21,岐阜県,2019,0.9759615384615384
R7,21,岐阜県,2020,0.9458128078817734
R7,21,岐阜県,2021,0.9656862745098039
R7,21,岐阜県,2022,0.9746192893401016
R7,21,岐阜県,2023,1
R7,21,岐阜県,2024,0.9732620320855615
R7,21,岐阜県,2025,0.9728260869565217
R7,22,静岡県,2015,0.935672514619883
R7,22,静岡県,2018,0.9418960244648318
R7,22,静岡県,2019,0.9706840390879479
R7,22,静岡県,2020,1
R7,22,静岡県,2021,1
R7,22,静岡県,2022,1
R7,22,静岡県,2023,1
R7,22,静岡県,2024,1
R7,22,静岡県,2025,1
R7,23,愛知県,2015,0.9688524590163935
R7,23,愛知県,2018,1.0087260034904013
R7,23,愛知県,2019,1
R7,23,愛知県,2020,1
R7,23,愛知県,2021,1
R7,23,愛知県,2022,1
R7,23,愛知県,2023,1
R7,23,愛知県,2024,1
R7,23,愛知県,2025,1
R7,24,三重県,2015,0.9378531073446328
R7,24,三重県,2018,0.9640718562874252
R7,24,三重県,2019,1
R7,24,三重県,2020,0.9225806451612903
R7,24,三重県,2021,1
R7,24,三重県,2022,1
R7,24,三重県,2023,0.993006993006993
R7,24,三重県,2024,1
R7,24,三重県,2025,1
R7,25,滋賀県,2015,0.967391304347826
R7,25,滋賀県,2018,0.9767441860465116
R7,25,滋賀県,2019,0.9883720930232558
R7,25,滋賀県,2020,0.927710843373494
R7,25,滋賀県,2021,0.9761904761904762
R7,25,滋賀県,2022,0.9761904761904762
R7,25,滋賀県,2023,0.9753086419753086
R7,25,滋賀県,2024,1
R7,25,滋賀県,2025,1
R7,26,京都府,2015,0.897119341563786
R7,26,京都府,2018,0.9553571428571429
R7,26,京都府,2019,0.9272727272727272
R7,26,京都府,2020,0.9444444444444444
R7,26,京都府,2021,0.9389671361502347
R7,26,京都府,2022,0.933649289099526
R7,26,京都府,2023,0.9481132075471698
R7,26,京都府,2024,0.9471153846153846
R7,26,京都府,2025,0.9512195121951219
R7,27,大阪府,2015,0.9223300970873787
R7,27,大阪府,2018,0.9897959183673469
R7,27,大阪府,2019,0.9716840536512668
R7,27,大阪府,2020,0.9613095238095238
R7,27,大阪府,2021,0.9545454545454546
R7,27,大阪府,2022,0.9335394126738794
R7,27,大阪府,2023,0.9780564263322884
R7,27,大阪府,2024,0.9617834394904459
R7,27,大阪府,2025,0.9596774193548387
R7,28,兵庫県,2015,0.9223484848484849
R7,28,兵庫県,2018,0.9407114624505929
R7,28,兵庫県,2019,0.9676767676767677
R7,28,兵庫県,2020,0.9519832985386222
R7,28,兵庫県,2021,0.9642857142857143
R7,28,兵庫県,2022,0.9098712446351931
R7,28,兵庫県,2023,0.9645232815964523
R7,28,兵庫県,2024,0.9617977528089887
R7,28,兵庫県,2025,0.976905311778291
R7,29,奈良県,2015,0.9375
R7,29,奈良県,2018,1.0186915887850467
R7,29,奈良県,2019,0.970873786407767
R7,29,奈良県,2020,1
R7,29,奈良県,2021,1
R7,29,奈良県,2022,0.9693877551020408
R7,29,奈良県,2023,0.9897959183673469
R7,29,奈良県,2024,1
R7,29,奈良県,2025,1
R7,30,和歌山県,2015,0.993421052631579
R7,30,和歌山県,2018,1
R7,30,和歌山県,2019,1
R7,30,和歌山県,2020,1
R7,30,和歌山県,2021,1
R7,30,和歌山県,2022,1
R7,30,和歌山県,2023,1
R7,30,和歌山県,2024,1
R7,30,和歌山県,2025,1
R7,31,鳥取県,2015,0.935064935064935
R7,31,鳥取県,2018,0.9466666666666667
R7,31,鳥取県,2019,0.9722222222222222
R7,31,鳥取県,2020,0.9027777777777778
R7,31,鳥取県,2021,0.9859154929577465
R7,31,鳥取県,2022,1
R7,31,鳥取県,2023,1
R7,31,鳥取県,2024,1
R7,31,鳥取県,2025,1
R7,32,島根県,2015,0.9512195121951219
R7,32,島根県,2018,0.9871794871794872
R7,32,島根県,2019,1
R7,32,島根県,2020,1
R7,32,島根県,2021,1
R7,32,島根県,2022,1
R7,32,島根県,2023,1
R7,32,島根県,2024,1
R7,32,島根県,2025,1
R7,33,岡山県,2015,0.9666666666666667
R7,33,岡山県,2018,0.9518900343642611
R7,33,岡山県,2019,0.9681978798586572
R7,33,岡山県,2020,0.9420289855072463
R7,33,岡山県,2021,0.978021978021978
R7,33,岡山県,2022,0.9588014981273408
R7,33,岡山県,2023,1.003921568627451
R7,33,岡山県,2024,1
R7,33,岡山県,2025,1
R7,34,広島県,2015,0.9411764705882353
R7,34,広島県,2018,0.9899244332493703
R7,34,広島県,2019,0.9714285714285714
R7,34,広島県,2020,0.9625668449197861
R7,34,広島県,2021,0.9752066115702479
R7,34,広島県,2022,0.9636871508379888
R7,34,広島県,2023,0.9801699716713881
R7,34,広島県,2024,0.9705014749262537
R7,34,広島県,2025,0.9819819819819819
R7,35,山口県,2015,0.9866071428571429
R7,35,山口県,2018,1.0093896713615023
R7,35,山口県,2019,1
R7,35,山口県,2020,1
R7,35,山口県,2021,1
R7,35,山口県,2022,1
R7,35,山口県,2023,1
R7,35,山口県,2024,0.9945652173913043
R7,35,山口県,2025,0.9664804469273743
R7,36,徳島県,2015,0.9104477611940298
R7,36,徳島県,2018,1.0216216216216216
R7,36,徳島県,2019,1
R7,36,徳島県,2020,1
R7,36,徳島県,2021,0.9583333333333334
R7,36,徳島県,2022,0.9759036144578314
R7,36,徳島県,2023,0.9878048780487805
R7,36,徳島県,2024,0.9935483870967742
R7,36,徳島県,2025,0.9934640522875817
R7,37,香川県,2015,0.9672131147540983
R7,37,香川県,2018,0.9757575757575757
R7,37,香川県,2019,0.9814814814814815
R7,37,香川県,2020,0.9810126582278481
R7,37,香川県,2021,0.9683544303797469
R7,37,香川県,2022,0.9741935483870968
R7,37,香川県,2023,0.9801324503311258
R7,37,香川県,2024,0.9801324503311258
R7,37,香川県,2025,0.993103448275862
R7,38,愛媛県,2015,0.9869281045751634
R7,38,愛媛県,2018,0.9821428571428571
R7,38,愛媛県,2019,0.9886792452830189
R7,38,愛媛県,2020,0.9765625
R7,38,愛媛県,2021,0.9838056680161943
R7,38,愛媛県,2022,0.970954356846473
R7,38,愛媛県,2023,0.9914893617021276
R7,38,愛媛県,2024,0.987012987012987
R7,38,愛媛県,2025,0.9865470852017937
R7,39,高知県,2015,0.9536082474226805
R7,39,高知県,2018,0.968421052631579
R7,39,高知県,2019,1
R7,39,高知県,2020,1
R7,39,高知県,2021,1
R7,39,高知県,2022,1
R7,39,高知県,2023,1
R7,39,高知県,2024,1
R7,39,高知県,2025,1
R7,40,福岡県,2015,0.9637912673056444
R7,40,福岡県,2018,0.9468546637744034
R7,40,福岡県,2019,0.975
R7,40,福岡県,2020,0.9208381839348079
R7,40,福岡県,2021,0.9595719381688466
R7,40,福岡県,2022,0.9594594594594594
R7,40,福岡県,2023,1.0114068441064639
R7,40,福岡県,2024,0.9614890885750963
R7,40,福岡県,2025,0.967828418230563
R7,41,佐賀県,2015,0.9190283400809717
R7,41,佐賀県,2018,0.950207468879668
R7,41,佐賀県,2019,0.9567099567099567
R7,41,佐賀県,2020,0.9517543859649122
R7,41,佐賀県,2021,0.9311926605504587
R7,41,佐賀県,2022,0.9671361502347418
R7,41,佐賀県,2023,1
R7,41,佐賀県,2024,0.995
R7,41,佐賀県,2025,0.9637305699481865
R7,42,長崎県,2015,0.9511568123393316
R7,42,長崎県,2018,1
R7,42,長崎県,2019,1
R7,42,長崎県,2020,0.9969512195121951
R7,42,長崎県,2021,1
R7,42,長崎県,2022,1
R7,42,長崎県,2023,1
R7,42,長崎県,2024,1
R7,42,長崎県,2025,0.9928057553956835
R7,43,熊本県,2015,0.9538152610441767
R7,43,熊本県,2018,1
R7,43,熊本県,2019,0.9955947136563876
R7,43,熊本県,2020,0.9480812641083521
R7,43,熊本県,2021,0.9976190476190476
R7,43,熊本県,2022,0.9975247524752475
R7,43,熊本県,2023,1
R7,43,熊本県,2024,1
R7,43,熊本県,2025,1
R7,44,大分県,2015,0.9650537634408602
R7,44,大分県,2018,0.9641873278236914
R7,44,大分県,2019,0.9545454545454546
R7,44,大分県,2020,0.9797687861271677
R7,44,大分県,2021,0.9824561403508771
R7,44,大分県,2022,0.984984984984985
R7,44,大分県,2023,0.996969696969697
R7,44,大分県,2024,0.9905956112852664
R7,44,大分県,2025,1
R7,45,宮崎県,2015,0.9894366197183099
R7,45,宮崎県,2018,0.9925373134328358
R7,45,宮崎県,2019,0.9351145038167938
R7,45,宮崎県,2020,0.95703125
R7,45,宮崎県,2021,0.9878542510121457
R7,45,宮崎県,2022,0.9672131147540983
R7,45,宮崎県,2023,0.9748953974895398
R7,45,宮崎県,2024,0.9570815450643777
R7,45,宮崎県,2025,0.9911111111111112
R7,46,鹿児島県,2015,0.9408502772643254
R7,46,鹿児島県,2018,0.9844961240310077
R7,46,鹿児島県,2019,0.9819277108433735
R7,46,鹿児島県,2020,0.9734151329243353
R7,46,鹿児島県,2021,0.9748953974895398
R7,46,鹿児島県,2022,0.944206008583691
R7,46,鹿児島県,2023,0.9977924944812362
R7,46,鹿児島県,2024,1
R7,46,鹿児島県,2025,0.9976303317535545
R7,47,沖縄県,2015,0.9644970414201184
R7,47,沖縄県,2018,0.8079470198675497
R7,47,沖縄県,2019,0.8356164383561644
R7,47,沖縄県,2020,0.9285714285714286
R7,47,沖縄県,2021,0.9264705882352942
R7,47,沖縄県,2022,0.9097744360902256
R7,47,沖縄県,2023,0.9921259842519685
R7,47,沖縄県,2024,0.936
R7,47,沖縄県,2025,0.9754098360655737
R6,00,全国,2015,0.9535699546017334
R6,00,全国,2018,0.9701998701204994
R6,00,全国,2019,0.9746117084826762
R6,00,全国,2020,0.9617873182613991
R6,00,全国,2021,0.9684275851369172
R6,00,全国,2022,0.9667196187450358
R6,00,全国,2023,0.9855084196891192
R6,00,全国,2024,0.9819297082228117
R6,01,北海道,2015,0.9644495412844036
R6,01,北海道,2018,0.9839816933638444
R6,01,北海道,2019,0.986873508353222
R6,01,北海道,2020,0.9645909645909646
R6,01,北海道,2021,0.9711779448621554
R6,01,北海道,2022,0.9551856594110115
R6,01,北海道,2023,0.9470967741935484
R6,01,北海道,2024,0.9580602883355177
R6,02,青森県,2015,0.9649122807017544
R6,02,青森県,2018,0.9534883720930233
R6,02,青森県,2019,1
R6,02,青森県,2020,1
R6,02,青森県,2021,1
R6,02,青森県,2022,1
R6,02,青森県,2023,1
R6,02,青森県,2024,1
R6,03,岩手県,2015,0.9388888888888889
R6,03,岩手県,2018,0.9763313609467456
R6,03,岩手県,2019,0.9570552147239264
R6,03,岩手県,2020,0.9937106918238994
R6,03,岩手県,2021,0.98125
R6,03,岩手県,2022,1
R6,03,岩手県,2023,0.9933333333333333
R6,03,岩手県,2024,0.9928057553956835
R6,04,宮城県,2015,0.97165991902834
R6,04,宮城県,2018,0.9956709956709957
R6,04,宮城県,2019,0.9909502262443439
R6,04,宮城県,2020,1
R6,04,宮城県,2021,1
R6,04,宮城県,2022,1
R6,04,宮城県,2023,1
R6,04,宮城県,2024,1
R6,05,秋田県,2015,0.9316239316239316
R6,05,秋田県,2018,0.981651376146789
R6,05,秋田県,2019,0.9714285714285714
R6,05,秋田県,2020,0.9801980198019802
R6,05,秋田県,2021,0.9896907216494846
R6,05,秋田県,2022,0.9789473684210527
R6,05,秋田県,2023,1
R6,05,秋田県,2024,1
R6,06,山形県,2015,1
R6,06,山形県,2018,0.9727272727272728
R6,06,山形県,2019,0.9813084112149533
R6,06,山形県,2020,0.9807692307692307
R6,06,山形県,2021,1
R6,06,山形県,2022,1
R6,06,山形県,2023,1.0106382978723405
R6,06,山形県,2024,1
R6,07,福島県,2015,0.9241706161137441
R6,07,福島県,2018,0.9024390243902439
R6,07,福島県,2019,0.8541666666666666
R6,07,福島県,2020,0.907103825136612
R6,07,福島県,2021,0.9120879120879121
R6,07,福島県,2022,0.9712643678160919
R6,07,福島県,2023,0.9821428571428571
R6,07,福島県,2024,0.9815950920245399
R6,08,茨城県,2015,0.9419795221843004
R6,08,茨城県,2018,0.8781362007168458
R6,08,茨城県,2019,1.0037593984962405
R6,08,茨城県,2020,0.9810606060606061
R6,08,茨城県,2021,0.9961685823754789
R6,08,茨城県,2022,0.9525691699604744
R6,08,茨城県,2023,0.9839357429718876
R6,08,茨城県,2024,0.975103734439834
R6,09,栃木県,2015,1
R6,09,栃木県,2018,0.9897959183673469
R6,09,栃木県,2019,1
R6,09,栃木県,2020,0.9358288770053476
R6,09,栃木県,2021,0.8877005347593583
R6,09,栃木県,2022,0.978021978021978
R6,09,栃木県,2023,0.9828571428571429
R6,09,栃木県,2024,0.9824561403508771
R6,10,群馬県,2015,0.9857142857142858
R6,10,群馬県,2018,0.9849246231155779
R6,10,群馬県,2019,1
R6,10,群馬県,2020,1
R6,10,群馬県,2021,1
R6,10,群馬県,2022,1
R6,10,群馬県,2023,1
R6,10,群馬県,2024,1
R6,11,埼玉県,2015,0.9078156312625251
R6,11,埼玉県,2018,0.9405940594059405
R6,11,埼玉県,2019,0.9608247422680413
R6,11,埼玉県,2020,0.9506172839506173
R6,11,埼玉県,2021,0.934020618556701
R6,11,埼玉県,2022,0.9515789473684211
R6,11,埼玉県,2023,0.951271186440678
R6,11,埼玉県,2024,0.9463519313304721
R6,12,千葉県,2015,0.9721577726218097
R6,12,千葉県,2018,0.9639423076923077
R6,12,千葉県,2019,0.9535452322738386
R6,12,千葉県,2020,0.9605911330049262
R6,12,千葉県,2021,0.9368686868686869
R6,12,千葉県,2022,0.9256410256410257
R6,12,千葉県,2023,0.9920844327176781
R6,12,千葉県,2024,0.9946949602122016
R6,13,東京都,2015,0.9716684155299056
R6,13,東京都,2018,0.9497206703910615
R6,13,東京都,2019,0.9572254335260115
R6,13,東京都,2020,0.8993135011441648
R6,13,東京都,2021,0.9144508670520232
R6,13,東京都,2022,0.9384436701509872
R6,13,東京都,2023,0.9498249708284714
R6,13,東京都,2024,0.9845788849347569
R6,14,神奈川県,2015,0.9546351084812623
R6,14,神奈川県,2018,0.9937106918238994
R6,14,神奈川県,2019,0.9913793103448276
R6,14,神奈川県,2020,0.9740820734341252
R6,14,神奈川県,2021,0.9694323144104804
R6,14,神奈川県,2022,0.9888641425389755
R6,14,神奈川県,2023,0.9977272727272727
R6,14,神奈川県,2024,0.993103448275862
R6,15,新潟県,2015,0.9393939393939394
R6,15,新潟県,2018,0.9735099337748344
R6,15,新潟県,2019,0.9932432432432432
R6,15,新潟県,2020,0.958904109589041
R6,15,新潟県,2021,0.9577464788732394
R6,15,新潟県,2022,0.948905109489051
R6,15,新潟県,2023,1
R6,15,新潟県,2024,0.9848484848484849
R6,16,富山県,2015,0.9485294117647058
R6,16,富山県,2018,1
R6,16,富山県,2019,1
R6,16,富山県,2020,0.9917355371900827
R6,16,富山県,2021,1
R6,16,富山県,2022,0.9831932773109243
R6,16,富山県,2023,1
R6,16,富山県,2024,1
R6,17,石川県,2015,0.9205298013245033
R6,17,石川県,2018,1
R6,17,石川県,2019,0.9858156028368794
R6,17,石川県,2020,1
R6,17,石川県,2021,0.9851851851851852
R6,17,石川県,2022,0.9924242424242424
R6,17,石川県,2023,1
R6,17,石川県,2024,0.9921259842519685
R6,18,福井県,2015,0.9541984732824428
R6,18,福井県,2018,1.0084033613445378
R6,18,福井県,2019,1
R6,18,福井県,2020,1
R6,18,福井県,2021,0.9819819819819819
R6,18,福井県,2022,0.9907407407407407
R6,18,福井県,2023,1
R6,18,福井県,2024,1
R6,19,山梨県,2015,0.9887640449438202
R6,19,山梨県,2018,1
R6,19,山梨県,2019,1
R6,19,山梨県,2020,1
R6,19,山梨県,2021,0.9518072289156626
R6,19,山梨県,2022,1
R6,19,山梨県,2023,1
R6,19,山梨県,2024,1
R6,20,長野県,2015,0.9576719576719577
R6,20,長野県,2018,0.9497206703910615
R6,20,長野県,2019,0.9491525423728814
R6,20,長野県,2020,0.9593023255813954
R6,20,長野県,2021,0.9941520467836257
R6,20,長野県,2022,1
R6,20,長野県,2023,1
R6,20,長野県,2024,1
R6,21,岐阜県,2015,0.9820627802690582
R6,21,岐阜県,2018,0.9858490566037735
R6,21,岐阜県,2019,0.9759615384615384
R6,21,岐阜県,2020,0.9458128078817734
R6,21,岐阜県,2021,0.9656862745098039
R6,21,岐阜県,2022,0.9746192893401016
R6,21,岐阜県,2023,1
R6,21,岐阜県,2024,0.9732620320855615
R6,22,静岡県,2015,0.935672514619883
R6,22,静岡県,2018,0.9418960244648318
R6,22,静岡県,2019,0.9706840390879479
R6,22,静岡県,2020,1
R6,22,静岡県,2021,1
R6,22,静岡県,2022,1
R6,22,静岡県,2023,1
R6,22,静岡県,2024,1
R6,23,愛知県,2015,0.9688524590163935
R6,23,愛知県,2018,1.0087260034904013
R6,23,愛知県,2019,1
R6,23,愛知県,2020,1
R6,23,愛知県,2021,1
R6,23,愛知県,2022,1
R6,23,愛知県,2023,1
R6,23,愛知県,2024,1
R6,24,三重県,2015,0.9378531073446328
R6,24,三重県,2018,0.9640718562874252
R6,24,三重県,2019,1
R6,24,三重県,2020,0.9225806451612903
R6,24,三重県,2021,1
R6,24,三重県,2022,1
R6,24,三重県,2023,0.993006993006993
R6,24,三重県,2024,1
R6,25,滋賀県,2015,0.967391304347826
R6,25,滋賀県,2018,0.9767441860465116
R6,25,滋賀県,2019,0.9883720930232558
R6,25,滋賀県,2020,0.927710843373494
R6,25,滋賀県,2021,0.9761904761904762
R6,25,滋賀県,2022,0.9761904761904762
R6,25,滋賀県,2023,0.9753086419753086
R6,25,滋賀県,2024,1
R6,26,京都府,2015,0.897119341563786
R6,26,京都府,2018,0.9553571428571429
R6,26,京都府,2019,0.9272727272727272
R6,26,京都府,2020,0.9444444444444444
R6,26,京都府,2021,0.9389671361502347
R6,26,京都府,2022,0.933649289099526
R6,26,京都府,2023,0.9481132075471698
R6,26,京都府,2024,0.9471153846153846
R6,27,大阪府,2015,0.9223300970873787
R6,27,大阪府,2018,0.9897959183673469
R6,27,大阪府,2019,0.9716840536512668
R6,27,大阪府,2020,0.9613095238095238
R6,27,大阪府,2021,0.9545454545454546
R6,27,大阪府,2022,0.9335394126738794
R6,27,大阪府,2023,0.9780564263322884
R6,27,大阪府,2024,0.9617834394904459
R6,28,兵庫県,2015,0.9223484848484849
R6,28,兵庫県,2018,0.9407114624505929
R6,28,兵庫県,2019,0.9676767676767677
R6,28,兵庫県,2020,0.9519832985386222
R6,28,兵庫県,2021,0.9642857142857143
R6,28,兵庫県,2022,0.9098712446351931
R6,28,兵庫県,2023,0.9645232815964523
R6,28,兵庫県,2024,0.9617977528089887
R6,29,奈良県,2015,0.9375
R6,29,奈良県,2018,1.0186915887850467
R6,29,奈良県,2019,0.970873786407767
R6,29,奈良県,2020,1
R6,29,奈良県,2021,1
R6,29,奈良県,2022,0.9693877551020408
R6,29,奈良県,2023,0.9897959183673469
R6,29,奈良県,2024,1
R6,30,和歌山県,2015,0.993421052631579
R6,30,和歌山県,2018,1
R6,30,和歌山県,2019,1
R6,30,和歌山県,2020,1
R6,30,和歌山県,2021,1
R6,30,和歌山県,2022,1
R6,30,和歌山県,2023,1
R6,30,和歌山県,2024,1
R6,31,鳥取県,2015,0.935064935064935
R6,31,鳥取県,2018,0.9466666666666667
R6,31,鳥取県,2019,0.9722222222222222
R6,31,鳥取県,2020,0.9027777777777778
R6,31,鳥取県,2021,0.9859154929577465
R6,31,鳥取県,2022,1
R6,31,鳥取県,2023,1
R6,31,鳥取県,2024,1
R6,32,島根県,2015,0.9512195121951219
R6,32,島根県,2018,0.9871794871794872
R6,32,島根県,2019,1
R6,32,島根県,2020,1
R6,32,島根県,2021,1
R6,32,島根県,2022,1
R6,32,島根県,2023,1
R6,32,島根県,2024,1
R6,33,岡山県,2015,0.9666666666666667
R6,33,岡山県,2018,0.9518900343642611
R6,33,岡山県,2019,0.9681978798586572
R6,33,岡山県,2020,0.9420289855072463
R6,33,岡山県,2021,0.978021978021978
R6,33,岡山県,2022,0.9588014981273408
R6,33,岡山県,2023,1.003921568627451
R6,33,岡山県,2024,1
R6,34,広島県,2015,0.9411764705882353
R6,34,広島県,2018,0.9899244332493703
R6,34,広島県,2019,0.9714285714285714
R6,34,広島県,2020,0.9625668449197861
R6,34,広島県,2021,0.9752066115702479
R6,34,広島県,2022,0.9636871508379888
R6,34,広島県,2023,0.9801699716713881
R6,34,広島県,2024,0.9705014749262537
R6,35,山口県,2015,0.9866071428571429
R6,35,山口県,2018,1.0093896713615023
R6,35,山口県,2019,1
R6,35,山口県,2020,1
R6,35,山口県,2021,1
R6,35,山口県,2022,1
R6,35,山口県,2023,1
R6,35,山口県,2024,0.9945652173913043
R6,36,徳島県,2015,0.9104477611940298
R6,36,徳島県,2018,1.0216216216216216
R6,36,徳島県,2019,1
R6,36,徳島県,2020,1
R6,36,徳島県,2021,0.9583333333333334
R6,36,徳島県,2022,0.9759036144578314
R6,36,徳島県,2023,0.9878048780487805
R6,36,徳島県,2024,0.9935483870967742
R6,37,香川県,2015,0.9672131147540983
R6,37,香川県,2018,0.9757575757575757
R6,37,香川県,2019,0.9814814814814815
R6,37,香川県,2020,0.9810126582278481
R6,37,香川県,2021,0.9683544303797469
R6,37,香川県,2022,0.9741935483870968
R6,37,香川県,2023,0.9801324503311258
R6,37,香川県,2024,0.9801324503311258
R6,38,愛媛県,2015,0.9869281045751634
R6,38,愛媛県,2018,0.9821428571428571
R6,38,愛媛県,2019,0.9886792452830189
R6,38,愛媛県,2020,0.9765625
R6,38,愛媛県,2021,0.9838056680161943
R6,38,愛媛県,2022,0.970954356846473
R6,38,愛媛県,2023,0.9914893617021276
R6,38,愛媛県,2024,0.987012987012987
R6,39,高知県,2015,0.9536082474226805
R6,39,高知県,2018,0.968421052631579
R6,39,高知県,2019,1
R6,39,高知県,2020,1
R6,39,高知県,2021,1
R6,39,高知県,2022,1
R6,39,高知県,2023,1
R6,39,高知県,2024,1
R6,40,福岡県,2015,0.9637912673056444
R6,40,福岡県,2018,0.9468546637744034
R6,40,福岡県,2019,0.975
R6,40,福岡県,2020,0.9208381839348079
R6,40,福岡県,2021,0.9595719381688466
R6,40,福岡県,2022,0.9594594594594594
R6,40,福岡県,2023,1.0114068441064639
R6,40,福岡県,2024,0.9614890885750963
R6,41,佐賀県,2015,0.9190283400809717
R6,41,佐賀県,2018,0.950207468879668
R6,41,佐賀県,2019,0.9567099567099567
R6,41,佐賀県,2020,0.9517543859649122
R6,41,佐賀県,2021,0.9311926605504587
R6,41,佐賀県,2022,0.9671361502347418
R6,41,佐賀県,2023,1
R6,41,佐賀県,2024,0.995
R6,42,長崎県,2015,0.9511568123393316
R6,42,長崎県,2018,1
R6,42,長崎県,2019,1
R6,42,長崎県,2020,0.9969512195121951
R6,42,長崎県,2021,1
R6,42,長崎県,2022,1
R6,42,長崎県,2023,1
R6,42,長崎県,2024,1
R6,43,熊本県,2015,0.9538152610441767
R6,43,熊本県,2018,1
R6,43,熊本県,2019,0.9955947136563876
R6,43,熊本県,2020,0.9480812641083521
R6,43,熊本県,2021,0.9976190476190476
R6,43,熊本県,2022,0.9975247524752475
R6,43,熊本県,2023,1
R6,43,熊本県,2024,1
R6,44,大分県,2015,0.9650537634408602
R6,44,大分県,2018,0.9641873278236914
R6,44,大分県,2019,0.9545454545454546
R6,44,大分県,2020,0.9797687861271677
R6,44,大分県,2021,0.9824561403508771
R6,44,大分県,2022,0.984984984984985
R6,44,大分県,2023,0.996969696969697
R6,44,大分県,2024,0.9905956112852664
R6,45,宮崎県,2015,0.9894366197183099
R6,45,宮崎県,2018,0.9925373134328358
R6,45,宮崎県,2019,0.9351145038167938
R6,45,宮崎県,2020,0.95703125
R6,45,宮崎県,2021,0.9878542510121457
R6,45,宮崎県,2022,0.9672131147540983
R6,45,宮崎県,2023,0.9748953974895398
R6,45,宮崎県,2024,0.9570815450643777
R6,46,鹿児島県,2015,0.9408502772643254
R6,46,鹿児島県,2018,0.9844961240310077
R6,46,鹿児島県,2019,0.9819277108433735
R6,46,鹿児島県,2020,0.9734151329243353
R6,46,鹿児島県,2021,0.9748953974895398
R6,46,鹿児島県,2022,0.944206008583691
R6,46,鹿児島県,2023,0.9977924944812362
R6,46,鹿児島県,2024,1
R6,47,沖縄県,2015,0.9644970414201184
R6,47,沖縄県,2018,0.8079470198675497
R6,47,沖縄県,2019,0.8356164383561644
R6,47,沖縄県,2020,0.9285714285714286
R6,47,沖縄県,2021,0.9264705882352942
R6,47,沖縄県,2022,0.9097744360902256
R6,47,沖縄県,2023,0.9921259842519685
R6,47,沖縄県,2024,0.936
